City,Remote,Founded,Rating,SalaryMin,SalaryMax,Salary Estimate,Hourly,Junior,Senior,part-time,temp,Rank,Cost of Living Index,Local Purchasing Power Index,City
Aberdeen,0.0,1944.0,3.5,86.0,143.0,,0.0,1.0,,0.0,0.0,22.0,74.29,125.24,Aberdeen
Addison,0.15,1987.0,3.7388888888888894,62.0,124.4,77.5,0.0,1.0,1.0,0.0,0.05,40.0,68.02999999999999,155.30000000000004,Addison
Adelphi,0.0,2013.0,4.2,88.0,133.0,,0.0,,,0.0,0.0,6.0,87.74,130.25,Adelphi
Agoura Hills,0.0,2008.0,3.45,97.0,150.0,,0.0,,,0.0,0.0,19.0,76.55,113.78,Agoura Hills
Air Force Academy,1.0,,,,,,0.0,0.0,0.0,1.0,0.0,34.0,70.97,112.61,Air Force Academy
Akron,0.0,1947.0,3.6,99.4,151.6,,0.0,1.0,1.0,0.0,0.0,,,,Akron
Alachua,0.0,1984.0,3.3,30.0,54.0,,0.0,,,0.0,1.0,,,,Alachua
Alachua County,0.0,,,,,,0.0,0.0,0.0,0.0,0.0,,,,Alachua County
Alameda,0.0,1997.0,3.8499999999999996,78.0,113.5,,0.0,,1.0,0.0,0.5,7.0,86.51,113.6,Alameda
Albany,0.0,1996.0,3.8333333333333335,139.0,229.0,,0.0,,1.0,0.0,0.0,20.0,75.44000000000001,105.08000000000001,Albany
Alexandria,0.1111111111111111,1978.2222222222222,4.155555555555555,82.33333333333333,116.11111111111111,,0.0,,1.0,0.0,0.0,6.0,87.74,130.25,Alexandria
Alhambra,0.0,1961.75,3.15,50.0,63.0,97.125,0.0,,1.0,0.0,0.0,19.0,76.55,113.77999999999999,Alhambra
Aliso Viejo,0.2,1997.2,3.2,97.6,133.8,,0.0,,1.0,0.0,0.0,19.0,76.55,113.78,Aliso Viejo
Allegheny West,0.0,,3.8,43.5,68.5,,0.0,,1.0,0.0,0.0,,,,Allegheny West
Allen,0.25,1976.2222222222222,3.7400000000000007,54.666666666666664,100.55555555555556,59.0,0.0,1.0,1.0,0.0,0.0,40.0,68.02999999999999,155.29999999999998,Allen
Allen Park,0.0,2017.0,3.5,46.0,79.0,,0.0,,,0.0,0.0,54.0,63.85,78.58,Allen Park
Alpharetta,0.0,,3.2,81.0,102.0,,0.0,,,0.0,0.0,26.0,73.89,140.47,Alpharetta
Alpine,0.0,1980.0,2.8,,,46.0,0.0,,,0.0,0.0,23.0,74.22,130.19,Alpine
Alsip,0.0,1919.0,3.8,,,58.5,0.0,,1.0,0.0,0.0,11.0,80.18,113.52,Alsip
Alto,0.0,,4.5,,,,0.0,,,0.0,0.0,,,,Alto
Alvin,0.0,1985.0,2.9,90.0,175.0,,0.0,,,0.0,0.0,,,,Alvin
Alviso,0.0,,2.9,,,124.0,0.0,,,0.0,0.0,14.0,78.64,143.48,Alviso
Alviso Ridge,0.0,,,,,,0.0,0.0,0.0,0.0,0.0,,,,Alviso Ridge
Ambler,0.0,2010.3333333333333,3.5333333333333337,55.5,106.0,64.5,0.0,1.0,1.0,0.0,0.0,13.0,78.84,100.23,Ambler
American Fork,0.0,1994.0,3.5999999999999996,26.0,47.0,,0.0,0.0,0.0,0.0,0.0,51.0,64.76,129.35,American Fork
Amherst,0.0,,3.8000000000000003,,,,0.0,,,0.0,0.0,25.0,73.92,107.05,Amherst
Anaheim,0.08333333333333333,1983.0,3.457142857142857,75.0,115.0,85.0,0.0,,1.0,0.0,0.16666666666666666,19.0,76.54999999999998,113.77999999999999,Anaheim
Andover,0.0,1934.5,3.65,94.5,136.5,,0.0,,1.0,0.0,0.0,9.0,82.88,112.39,Andover
Ann Arbor,0.25,2007.25,4.2,77.75,118.5,,0.0,,1.0,0.0,0.0,54.0,63.85,78.58,Ann Arbor
Annapolis Junction,0.0,2001.2,4.133333333333333,97.33333333333333,136.0,,0.0,,,0.0,0.0,22.0,74.29,125.24,Annapolis Junction
Apopka,0.0,,,,,,0.0,0.0,0.0,0.0,0.0,49.0,65.7,102.08,Apopka
Appleton,0.0,1860.0,3.4,106.0,143.0,,0.0,,,0.0,0.0,,,,Appleton
Arcadia,0.3333333333333333,1926.0,3.45,89.33333333333333,110.0,,0.0,,1.0,0.0,0.6666666666666666,19.0,76.55,113.78000000000002,Arcadia
Arlington,0.12,1983.425,3.7333333333333325,63.91304347826087,106.97826086956522,73.375,0.02,1.0,1.0,0.0,0.0,26.4,75.91399999999997,145.28000000000006,Arlington
Arlington Heights,0.3333333333333333,,3.65,68.0,87.0,87.5,0.0,,1.0,0.0,0.0,11.0,80.18,113.52,Arlington Heights
Armonk,0.0,,3.9,,,,0.0,,,0.0,0.0,1.0,100.0,100.0,Armonk
Arsenal,1.0,,,,,,0.0,0.0,0.0,1.0,0.0,51.0,64.76,129.35,Arsenal
Artesia,0.0,1999.0,4.2,,,71.0,0.0,,,0.0,0.0,,,,Artesia
Ashburn,1.0,1953.0,4.4,82.0,141.0,,0.0,,,0.0,0.0,6.0,87.74,130.25,Ashburn
Astatula,0.0,,,,,,0.0,0.0,0.0,0.0,0.0,49.0,65.7,102.08,Astatula
Athens,0.0,1952.25,4.8,32.0,56.0,,0.0,,,0.0,0.0,,,,Athens
Atlanta,0.0,2002.8333333333333,3.8000000000000007,84.08333333333333,131.33333333333334,,0.0,1.0,1.0,0.0,0.0,26.0,73.89,140.47,Atlanta
Auburn,0.0,,4.0,,,,0.0,,,0.0,0.0,8.0,85.77,133.43,Auburn
Auburn Hills,0.0,,4.4,71.0,108.0,,0.0,,,0.0,0.0,54.0,63.85,78.58,Auburn Hills
Audubon,0.0,2003.0,2.5,,,60.5,0.0,,,0.0,0.0,13.0,78.84,100.23,Audubon
Aurora,0.13333333333333333,1954.7142857142858,3.710000000000001,76.77777777777777,116.66666666666667,,0.0,0.10526315789473684,0.36,0.06666666666666667,0.06666666666666667,28.4,73.52933333333331,129.76966666666664,Aurora
Austin,0.1220125786163522,1980.2201257861636,3.7927516778523427,72.56,120.978,65.60847457627119,0.0012578616352201257,1.0,1.0,0.01509433962264151,0.0779874213836478,41.0,67.79000000000073,145.7599999999981,Austin
Azusa,0.0,1979.0,3.5,65.0,81.0,,0.0,,,0.0,0.0,19.0,76.55,113.78,Azusa
Bala Cynwyd,0.14285714285714285,1980.3333333333333,3.7428571428571433,81.33333333333333,141.66666666666666,83.125,0.0,,1.0,0.0,0.0,13.0,78.84000000000002,100.23,Bala Cynwyd
Baltimore,0.2,1996.4,3.8400000000000007,65.0,89.4,,0.0,,1.0,0.0,0.0,22.0,74.29,125.23999999999998,Baltimore
Bangor,0.0,1994.0,4.2,17.0,23.0,,1.0,,,0.0,0.0,,,,Bangor
Bartlesville,0.0,2012.0,3.8,50.0,63.0,,0.0,,,0.0,0.0,53.0,64.28,117.97,Bartlesville
Basalt,0.0,,4.7,,,,0.0,0.0,1.0,0.0,0.0,,,,Basalt
Basking Ridge,0.0,2000.0,3.8,46.0,79.0,,0.0,,1.0,0.0,0.0,,,,Basking Ridge
Bayonne,1.0,1970.0,3.5,110.0,145.0,,0.0,,,0.0,0.0,1.0,100.0,100.0,Bayonne
Beavercreek,0.0,1967.0,3.6,63.0,95.25,,0.25,1.0,1.0,0.25,0.0,,,,Beavercreek
Bedford,0.0,1984.0,3.7800000000000002,96.5,128.5,58.0,0.0,,1.0,0.0,0.2,21.4,76.94,129.554,Bedford
Beech Grove,0.0,1875.0,3.5,34.0,61.0,,0.0,,1.0,0.0,0.0,47.0,66.34,110.02,Beech Grove
Bell,0.0,,,,,103.0,0.0,,,0.0,0.0,19.0,76.55,113.78,Bell
Bellaire,0.0,2007.0,4.2,73.0,136.0,,0.0,,,0.0,0.0,50.0,65.13,141.31,Bellaire
Bellevue,0.031578947368421054,1996.6,3.7430769230769236,59.666666666666664,100.0,,0.0,0.08,0.39285714285714285,0.0,0.011363636363636364,10.0,82.1800000000001,163.27000000000032,Bellevue
Belmont,0.0,2008.0,3.45,108.0,127.0,107.5,0.0,,1.0,0.0,0.0,2.0,91.51,135.9,Belmont
Bensalem,0.0,1993.0,3.5,38.0,68.0,,0.0,,,0.0,0.0,13.0,78.84,100.23,Bensalem
Bentonville,0.0,,,71.0,108.0,,0.0,,1.0,0.0,0.0,,,,Bentonville
Berkeley,0.0,1887.75,4.3,73.0,127.6,,0.0,0.0,0.0,0.1,0.0,7.0,86.51,113.59999999999998,Berkeley
Berkeley Heights,0.0,1978.0,3.3,27.0,52.0,,0.0,,1.0,0.0,0.0,1.0,100.0,100.0,Berkeley Heights
Berwyn,0.0,1934.6666666666667,3.6999999999999997,51.666666666666664,75.33333333333333,61.0,0.0,,1.0,0.25,0.0,13.0,78.84,100.23,Berwyn
Bethesda,0.0,1978.5,3.5,81.33333333333333,123.66666666666667,,0.0,,1.0,0.0,0.0,6.0,87.74,130.25,Bethesda
Bethpage,0.0,,3.8,,,,0.0,,,0.0,0.0,1.0,100.0,100.0,Bethpage
Beverly Hills,0.0,1956.0,3.8800000000000003,49.5,84.5,91.0,0.0,1.0,1.0,0.0,0.0,19.0,76.55,113.77999999999999,Beverly Hills
Birmingham,0.0,2003.25,3.7428571428571433,81.375,124.375,,0.0,,1.0,0.0,0.0,,,,Birmingham
Blacklick,1.0,1803.0,3.9,55.0,113.0,,0.0,1.0,,0.0,0.0,37.0,70.5,142.17,Blacklick
Bloomfield,0.0,1976.0,3.5,57.0,75.0,,0.0,,,0.0,0.0,1.0,100.0,100.0,Bloomfield
Bloomingdale,0.0,,4.3,,,86.5,0.0,,,0.0,0.0,11.0,80.18,113.52,Bloomingdale
Bloomington,0.0,1985.0,4.3,105.0,117.0,,0.0,,1.0,0.0,0.0,18.0,76.7,127.18,Bloomington
Blue Ash,0.0,,3.0,106.0,143.0,,0.0,1.0,,0.0,0.0,55.0,61.64,131.81,Blue Ash
Blue Bell,0.0,1928.0,2.92,53.333333333333336,95.66666666666667,72.0,0.0,,1.0,0.0,0.0,13.0,78.84,100.23,Blue Bell
Bluffdale,0.0,,,,,,0.0,0.0,0.0,1.0,1.0,51.0,64.76,129.35,Bluffdale
Boca Raton,0.0,1948.0,3.8200000000000003,45.666666666666664,80.33333333333333,,0.0,0.0,0.0,0.0,0.0,24.0,74.16000000000001,100.26,Boca Raton
Boerne,1.0,,,,,50.0,0.0,,,0.0,0.0,48.0,65.78,116.4,Boerne
Bohemia,0.0,,,,,,0.0,,,0.0,0.0,1.0,100.0,100.0,Bohemia
Boise,0.0,1992.5,3.9000000000000004,86.33333333333333,142.33333333333334,,0.0,1.0,,0.0,0.0,56.0,60.71,99.05,Boise
Bolingbrook,0.0,1992.0,2.9,,,58.5,0.0,,,0.0,0.0,11.0,80.18,113.52,Bolingbrook
Bonita Springs,0.0,,,,,,0.0,,,,,,,,Bonita Springs
Boothwyn,0.0,1983.3333333333333,3.5666666666666664,76.33333333333333,132.0,,0.0,,1.0,0.0,0.0,13.0,78.84,100.23,Boothwyn
Boston,0.05714285714285714,1974.0689655172414,4.064516129032259,74.02941176470588,113.76470588235294,,0.05714285714285714,1.0,1.0,0.0,0.02857142857142857,9.0,82.88000000000007,112.38999999999997,Boston
Bothell,0.0,1998.3333333333333,3.775,83.0,137.0,,0.0,0.0,0.6666666666666666,0.0,0.0,8.0,85.77,133.43000000000004,Bothell
Boulder,0.06666666666666667,2002.0,3.8461538461538463,66.33333333333333,95.33333333333333,,0.0,0.02702702702702703,0.38461538461538464,0.0,0.011111111111111112,29.0,73.30000000000011,130.32999999999996,Boulder
Bountiful,0.0,,3.3,,,,0.0,,,0.0,0.0,51.0,64.76,129.35,Bountiful
Bradenton,0.0,,3.9,,,,0.0,0.0,0.14285714285714285,0.0,0.0,45.0,67.10000000000001,126.19000000000004,Bradenton
Brea,0.1111111111111111,1980.2857142857142,3.566666666666666,68.25,100.5,95.8,0.0,,1.0,0.0,0.0,19.0,76.55,113.78,Brea
Brentwood,0.0,1942.3333333333333,3.4666666666666663,85.0,126.33333333333333,,0.0,,1.0,0.0,0.6666666666666666,30.0,73.19,122.67,Brentwood
Brewster,0.0,,,,,,0.0,,,0.0,0.0,1.0,100.0,100.0,Brewster
Bridgeport,0.0,1996.0,4.0,108.0,140.0,,0.0,,,0.0,1.0,,,,Bridgeport
Bridgeview,0.0,,3.3,55.5,110.0,,0.0,,,0.0,0.0,11.0,80.18,113.52,Bridgeview
Bridgewater,0.0,1998.0,3.1,17.0,23.0,,1.0,,1.0,0.0,0.0,1.0,100.0,100.0,Bridgewater
Brisbane,0.0,1998.0,2.65,48.0,89.0,,0.0,,,0.0,0.0,2.0,91.51,135.9,Brisbane
Bristol,0.0,1971.0,3.4,58.5,113.5,108.5,0.0,,,0.0,0.0,13.0,78.84,100.23,Bristol
Broadview,0.0,1914.3333333333333,3.733333333333333,60.0,66.0,87.0,0.0,,,0.0,0.0,11.0,80.18,113.52,Broadview
Bronx,0.0,1992.0,3.4,44.5,87.0,,0.0,,1.0,0.0,0.0,1.0,100.0,100.0,Bronx
Brookfield,0.0,1924.0,4.5,86.0,143.0,,0.0,,,1.0,0.0,,,,Brookfield
Brooklyn,0.02040816326530612,1970.375,3.7516129032258068,66.2,107.1,72.85714285714286,0.0,0.0,0.8,0.0,0.0425531914893617,5.0,88.82000000000005,92.94999999999993,Brooklyn
Broomfield,0.023255813953488372,1939.375,3.6357142857142852,69.22222222222223,109.55555555555556,,0.0,0.0,0.55,0.0,0.0,29.0,73.30000000000004,130.32999999999996,Broomfield
Buckhead,0.5,,3.1500000000000004,72.5,124.5,,0.0,,1.0,0.0,0.0,26.0,73.89,140.47,Buckhead
Buckley AFB,0.0,,3.9,,,,0.0,,,0.0,0.0,29.0,73.3,130.33,Buckley AFB
Buena Park,0.0,1959.0,3.2,,,81.5,0.0,,1.0,0.0,0.0,19.0,76.55,113.78,Buena Park
Buffalo,0.14285714285714285,2005.0,3.6833333333333336,73.0,128.0,,0.0,0.5,0.0,0.0,0.14285714285714285,25.0,73.92,107.04999999999998,Buffalo
Bulverde,0.0,1981.0,3.6,74.5,114.0,,0.0,,,0.0,0.0,48.0,65.78,116.4,Bulverde
Burbank,0.04938271604938271,1986.5869565217392,3.8641791044776124,82.94339622641509,126.90566037735849,98.225,0.012345679012345678,0.6,0.9310344827586207,0.0,0.0625,19.0,76.55000000000011,113.78,Burbank
Burlingame,0.0,2004.8333333333333,3.633333333333333,83.57142857142857,123.71428571428571,,0.0,,1.0,0.0,0.0,5.083333333333333,89.64833333333333,135.79416666666668,Burlingame
Burlington,0.0,1992.2,3.7,60.333333333333336,101.66666666666667,56.25,0.2,,1.0,0.0,0.0,11.0,80.86,106.31,Burlington
Burr Ridge,0.0,,,67.0,92.0,,0.0,,,0.0,0.0,11.0,80.18,113.52,Burr Ridge
Calabasas,0.0,1985.4,3.54,98.0,142.5,100.66666666666667,0.0,,1.0,0.0,0.0,19.0,76.55,113.78,Calabasas
Calabasas Hills,0.0,,3.9,,,,0.0,,,0.0,0.0,19.0,76.55,113.78,Calabasas Hills
Camas,0.0,,,,,,0.0,0.0,0.0,0.0,0.0,,,,Camas
Cambridge,0.044444444444444446,1989.659090909091,3.9555555555555557,78.95555555555555,115.35555555555555,,0.0,1.0,1.0,0.0,0.022222222222222223,9.0,82.88000000000008,112.39000000000001,Cambridge
Camden,0.4444444444444444,1967.3333333333333,3.771428571428572,62.75,111.0,64.5,0.0,1.0,1.0,0.0,0.2222222222222222,13.0,78.84000000000002,100.23,Camden
Campbell,0.08333333333333333,1994.2857142857142,3.5888888888888895,91.0,146.0,107.75,0.0,0.5,0.5,0.0,0.0,14.0,78.64,143.48,Campbell
Cape Canaveral,0.25,,4.5,,,,0.0,0.0,0.0,0.0,0.0,49.0,65.7,102.08,Cape Canaveral
Capital Hill,0.0,1989.0,3.5,74.0,123.0,,0.0,,,0.0,0.0,14.0,78.64,143.48,Capital Hill
Carle Place,0.6666666666666666,1955.0,3.266666666666667,81.0,122.5,,0.0,1.0,1.0,0.0,0.0,1.0,100.0,100.0,Carle Place
Carlsbad,0.0,2010.0,3.8333333333333335,78.5,130.5,,0.0,1.0,,0.125,0.0,23.0,74.22000000000001,130.19000000000003,Carlsbad
Carmel,0.25,1993.0,3.1999999999999997,52.75,87.75,,0.0,1.0,1.0,0.25,0.25,47.0,66.34,110.02,Carmel
Carpinteria,0.0,,3.3,,,,0.0,,,0.0,0.0,19.0,76.55,113.78,Carpinteria
Carrollton,0.16666666666666666,1999.6,3.3499999999999996,83.5,120.25,63.75,0.0,,1.0,0.0,0.0,40.0,68.02999999999999,155.29999999999998,Carrollton
Carson,0.0,2005.0,,69.0,102.0,,0.0,,1.0,0.0,0.0,19.0,76.55,113.78000000000002,Carson
Carthage,0.0,1883.0,3.6,111.0,178.0,,0.0,,,0.0,0.0,,,,Carthage
Cary,0.0,1906.0,3.0,105.0,138.0,,0.0,,1.0,0.0,0.0,38.0,69.8,145.3,Cary
Castle Rock,0.0,,3.1,,,,0.0,,,0.0,0.0,29.0,73.3,130.33,Castle Rock
Cedar Park,0.0,2015.0,2.7,35.0,42.0,,0.0,,,0.0,0.0,41.0,67.79,145.76,Cedar Park
Cedar Rapids,0.0,1952.0,4.0,71.0,108.0,,0.0,,1.0,0.0,0.0,,,,Cedar Rapids
Celebration,0.0,,4.8,,,,0.0,,,0.0,0.0,49.0,65.7,102.08,Celebration
Centennial,0.0,1976.5555555555557,3.433333333333333,66.3,96.5,,0.0,0.2222222222222222,0.36363636363636365,0.0,0.08333333333333333,29.0,73.29999999999997,130.32999999999996,Centennial
Century City,0.0,1997.0,3.5,115.0,201.0,,0.0,,,0.0,0.0,19.0,76.55,113.78,Century City
Cerritos,0.0,1995.4,3.8,69.33333333333333,107.66666666666667,102.5,0.0,1.0,,0.0,0.0,19.0,76.55,113.77999999999999,Cerritos
Chandler,0.11764705882352941,1949.404761904762,3.6541666666666655,72.5,114.33333333333333,72.38888888888889,0.0,1.0,1.0,0.0,0.058823529411764705,43.0,67.40999999999997,127.26000000000015,Chandler
Chantilly,0.09090909090909091,2002.4545454545455,4.018181818181818,89.18181818181819,138.9090909090909,,0.0,1.0,1.0,0.0,0.0,6.0,87.74,130.25,Chantilly
Charleston,0.0,1979.0,3.8,49.0,88.0,,0.0,,,0.0,0.0,,,,Charleston
Charlotte,0.07142857142857142,1981.3898305084747,3.7802816901408454,52.44047619047619,86.86904761904762,,0.011904761904761904,1.0,1.0,0.0,0.047619047619047616,31.0,72.39999999999992,144.29000000000028,Charlotte
Charlottesville,0.25,1980.5,4.074999999999999,78.5,121.75,,0.0,1.0,,0.0,0.0,,,,Charlottesville
Chattanooga,0.0,1973.0,3.6,78.0,133.0,,0.0,,,0.0,0.0,,,,Chattanooga
Cheektowaga,0.0,,3.6,,,,0.0,,,0.0,0.0,25.0,73.92,107.05,Cheektowaga
Cherry Hill,0.4,1997.0,4.0,89.75,149.0,46.5,0.0,,1.0,0.0,0.0,13.0,78.84,100.23,Cherry Hill
Chesapeake,0.16666666666666666,1971.6,3.7000000000000006,62.666666666666664,104.16666666666667,,0.0,,1.0,0.0,0.0,,,,Chesapeake
Chester Township,0.0,,3.2,37.0,44.0,,0.0,,,0.0,0.0,13.0,78.84,100.23,Chester Township
Chesterbrook,0.0,2003.0,4.7,,,73.0,0.0,,1.0,0.0,0.0,13.0,78.84,100.23,Chesterbrook
Chevy Chase,0.75,1936.0,3.375,87.25,116.75,,0.0,1.0,1.0,0.0,0.0,6.0,87.74,130.25,Chevy Chase
Cheyenne,0.0,,4.1,51.0,92.0,,0.0,,,0.0,0.0,,,,Cheyenne
Chicago,0.11323155216284987,1981.357142857143,3.7780419580419613,72.37704918032787,110.24043715846994,76.9324894514768,0.003816793893129771,1.0,1.0,0.011450381679389313,0.10178117048346055,11.0,80.18000000000026,113.52000000000004,Chicago
Chubbuck,0.0,1940.0,4.2,86.0,143.0,,0.0,,,0.0,0.0,,,,Chubbuck
Chula Vista,0.0,1996.0,3.1,60.0,124.0,,0.0,,,0.0,0.0,23.0,74.22,130.19,Chula Vista
Cincinnati,0.0,1901.4285714285713,3.9571428571428564,68.71428571428571,98.42857142857143,,0.0,,1.0,0.0,0.0,55.0,61.63999999999999,131.80999999999997,Cincinnati
City of Industry,0.0,1959.2,3.483333333333334,97.0,115.0,91.16666666666667,0.0,,1.0,0.0,0.0,19.0,76.55,113.77999999999999,City of Industry
Clayton,0.0,2002.0,4.8,59.0,101.0,,0.0,,,0.0,0.0,36.0,70.78,126.33,Clayton
Clearwater,0.1111111111111111,2004.0,3.8400000000000007,76.0,127.0,,0.0,0.0,0.0,0.0,0.0,45.0,67.10000000000001,126.19000000000003,Clearwater
Clermont,0.0,,,,,,0.0,0.0,0.0,0.0,0.0,49.0,65.7,102.08,Clermont
Cleveland,0.0,1917.0,3.3,83.0,99.0,,0.0,,,0.0,0.0,,,,Cleveland
Clinton,0.0,,,,,,0.0,0.0,0.0,0.0,0.0,,,,Clinton
College Park,0.0,1856.0,4.3,125.0,156.0,,0.0,1.0,,0.0,0.0,6.0,87.74,130.25,College Park
Collegeville,0.0,1867.6923076923076,3.8933333333333326,83.61538461538461,148.07692307692307,78.25,0.0,1.0,1.0,0.0,0.0,13.0,78.84,100.23,Collegeville
Colorado Springs,0.15789473684210525,1989.0,4.18,59.0,101.0,,0.0,0.0,0.2,0.0,0.0,34.0,70.97000000000001,112.60999999999996,Colorado Springs
Columbia,0.15384615384615385,1989.7272727272727,4.363636363636363,61.81818181818182,102.81818181818181,,0.0,0.3333333333333333,0.6,0.0,0.0,22.0,74.29,125.24,Columbia
Columbus,0.07692307692307693,1942.841726618705,3.826751592356685,61.917159763313606,111.49112426035504,,0.0,1.0,1.0,0.01775147928994083,0.08284023668639054,37.0,70.5,142.16999999999948,Columbus
Commerce,0.5,1995.3333333333333,3.266666666666667,,,91.875,0.0,,,0.0,0.25,19.0,76.55,113.78,Commerce
Concord,0.0,1852.0,4.1,67.0,99.5,,0.0,,,0.0,0.0,2.0,91.51,135.9,Concord
Coney Island,0.0,,,,,,0.0,0.0,0.0,0.0,0.0,5.0,88.82,92.95,Coney Island
Conshohocken,0.125,1985.0833333333333,3.7857142857142856,63.45454545454545,102.45454545454545,80.5,0.0,1.0,1.0,0.0,0.0,13.0,78.84,100.23,Conshohocken
Coppell,0.08333333333333333,1991.111111111111,3.6700000000000004,43.2,98.6,71.14285714285714,0.0,1.0,1.0,0.08333333333333333,0.08333333333333333,40.0,68.02999999999999,155.29999999999998,Coppell
Coral Gables,0.0,1995.0,3.6,90.0,109.0,,0.0,,,0.0,0.0,24.0,74.16,100.26,Coral Gables
Corona,0.0,,4.0,,,,0.0,,,0.0,0.0,19.0,76.55,113.78,Corona
Coronado,0.4,1995.0,3.44,,,68.7,0.0,,1.0,0.0,0.2,23.0,74.22,130.19,Coronado
Costa Mesa,0.25,1993.0,4.0,68.0,119.0,,0.0,0.0,0.0,0.0,0.0,19.0,76.55,113.78,Costa Mesa
Creve Coeur,1.0,1992.0,4.3,17.0,23.0,,1.0,,1.0,0.0,0.0,,,,Creve Coeur
Croton-on-Hudson,0.0,,,,,,0.0,,,0.0,0.0,1.0,100.0,100.0,Croton-on-Hudson
Culver City,0.02702702702702703,1993.090909090909,3.8531250000000004,85.14285714285714,142.28571428571428,107.72727272727273,0.0,0.75,0.9333333333333333,0.0,0.02702702702702703,19.0,76.55000000000004,113.78000000000009,Culver City
Cupertino,0.0,1973.5555555555557,3.8,81.6,137.4,135.25,0.0,0.0,0.25,0.02702702702702703,0.10810810810810811,14.0,78.64,143.4799999999999,Cupertino
Cypress,0.0,1969.0,3.3,,,70.5,0.0,,1.0,0.0,0.0,50.0,65.13,141.31,Cypress
DC Ranch,0.2,1983.0,3.8600000000000003,68.66666666666667,105.88888888888889,78.0,0.0,,1.0,0.0,0.0,43.0,67.40999999999998,127.26000000000002,DC Ranch
Dallas,0.14928909952606634,1972.6131147540984,3.786472148541109,58.555133079847906,106.40684410646388,73.88993710691824,0.0,1.0,1.0,0.004739336492890996,0.0947867298578199,40.0,68.02999999999966,155.30000000000118,Dallas
Daly City,0.0,2000.0,4.6,93.0,159.0,,0.0,,1.0,0.0,0.0,2.0,91.51,135.9,Daly City
Dania Beach,0.0,2011.0,2.8,71.0,108.0,,0.0,0.5,0.0,0.0,0.0,24.0,74.16,100.26,Dania Beach
Davenport,0.0,,,,,,0.0,0.0,0.0,0.0,0.0,49.0,65.7,102.08,Davenport
Davie,0.0,,4.05,,,,0.0,,,0.0,0.0,24.0,74.16,100.26,Davie
Davis,0.0,2008.0,4.033333333333333,60.0,124.0,,0.0,,,0.0,0.0,17.0,77.0,115.39999999999999,Davis
Dayton,0.25,2004.0,4.199999999999999,69.5,120.5,,0.0,,1.0,0.0,0.0,,,,Dayton
Dearborn,0.0,1935.0,4.133333333333334,62.666666666666664,95.0,,0.0,,,0.0,0.0,54.0,63.85,78.58,Dearborn
Deer Park,0.0,2008.0,3.6,69.0,103.0,,0.0,,,0.0,0.0,50.0,65.13,141.31,Deer Park
Deerfield,0.06666666666666667,1928.923076923077,3.378571428571429,77.33333333333333,102.66666666666667,86.95833333333333,0.0,,1.0,0.0,0.0,11.0,80.18000000000004,113.52,Deerfield
Deerfield Beach,0.0,1978.0,4.0,62.0,101.0,,0.0,0.0,1.0,0.0,0.0,24.0,74.16,100.26,Deerfield Beach
DelRay Beach,0.0,,,,,,0.0,0.0,0.0,0.0,0.0,24.0,74.16,100.26,DelRay Beach
Delray Beach,0.0,,,,,,0.0,0.0,0.0,0.0,0.0,24.0,74.16,100.26,Delray Beach
Denver,0.05668016194331984,1990.6904761904761,3.824800000000001,60.74576271186441,92.67796610169492,,0.0,0.02247191011235955,0.31683168316831684,0.008097165991902834,0.04048582995951417,29.0,73.29999999999966,130.33000000000084,Denver
Des Moines,0.0,1924.0,4.066666666666666,64.0,84.66666666666667,,0.0,1.0,1.0,0.0,0.0,,,,Des Moines
Des Plaines,0.0,1970.2,3.7599999999999993,74.0,96.0,78.0,0.0,,,0.0,0.0,11.0,80.18,113.52000000000001,Des Plaines
Detroit,0.0,1990.2,4.220000000000001,93.8,126.0,,0.0,,,0.0,0.0,54.0,63.85,78.58,Detroit
Dolores,0.0,,,,,,0.0,0.0,0.0,0.0,1.0,,,,Dolores
Doral,0.0,2018.0,3.55,76.0,127.0,,0.0,0.0,0.0,0.0,0.0,24.0,74.16,100.26,Doral
Downers Grove,0.21052631578947367,1973.0588235294117,3.378947368421053,58.0,75.53333333333333,87.5,0.0,1.0,1.0,0.0,0.15789473684210525,11.0,80.18000000000004,113.52000000000001,Downers Grove
Downey,0.0,,3.7,,,65.0,0.0,,,0.0,0.0,19.0,76.55,113.78,Downey
Doylestown,1.0,,2.85,37.333333333333336,52.0,,0.0,,,0.0,0.0,13.0,78.84,100.23,Doylestown
Draper,0.0,2003.5,3.706666666666666,26.0,47.0,,0.0,0.0,0.48484848484848486,0.0,0.06666666666666667,51.0,64.76000000000006,129.35000000000005,Draper
Dresher,0.0,1980.0,3.55,,,102.0,0.0,,,0.0,0.0,13.0,78.84,100.23,Dresher
Duarte,0.0,1913.0,3.3,42.0,66.0,102.0,0.0,,1.0,0.0,0.3333333333333333,19.0,76.55,113.78000000000002,Duarte
Dublin,0.0,2000.6,4.0,53.42857142857143,101.71428571428571,,0.0,,1.0,0.0,0.0,30.333333333333332,74.05777777777777,135.82111111111112,Dublin
Dulles,0.0,1989.0,4.1000000000000005,53.333333333333336,86.33333333333333,,0.0,1.0,1.0,0.0,0.0,6.0,87.74,130.25,Dulles
Duluth,0.0,1977.0,3.9,68.0,119.0,,0.0,,,0.0,0.0,26.0,73.89,140.47,Duluth
Durham,0.0,1990.0,4.4,110.0,145.0,,0.0,,,0.0,0.0,38.0,69.8,145.3,Durham
Eagle Mountain,0.0,,4.2,,,,0.0,0.0,1.0,0.0,0.0,51.0,64.76,129.35,Eagle Mountain
East Alton,0.0,1947.0,3.5,78.0,133.0,,0.0,,,0.0,0.0,36.0,70.78,126.33,East Alton
East Norriton,0.0,2017.0,3.6,,,60.5,0.0,,1.0,0.0,0.0,13.0,78.84,100.23,East Norriton
East Palo Alto,0.0,1994.0,3.8000000000000003,81.0,134.0,,0.0,,1.0,0.0,0.3333333333333333,2.0,91.51,135.9,East Palo Alto
East Syracuse,0.0,,3.8,,,,0.0,,,0.0,0.0,,,,East Syracuse
Eden Prairie,0.6666666666666666,1977.0,3.4,71.0,117.0,,0.0,1.0,1.0,0.0,0.0,18.0,76.7,127.18,Eden Prairie
Edison,0.0,1888.0,3.4,110.0,145.0,,0.0,,1.0,0.0,0.0,1.0,100.0,100.0,Edison
Eglin AFB,0.0,,4.1,,,,0.0,,,,,,,,Eglin AFB
Eglin Air Force Base,0.0,,,,,,0.0,0.0,0.0,1.0,0.0,,,,Eglin Air Force Base
El Cajon,0.0,1983.0,3.55,60.0,124.0,98.5,0.0,,,0.0,0.0,23.0,74.22,130.19,El Cajon
El Dorado Hills,0.0,,,,,,0.0,,,,,17.0,77.0,115.4,El Dorado Hills
El Monte,1.0,2011.0,3.6,,,91.0,0.0,,,0.0,0.0,19.0,76.55,113.78,El Monte
El Paso County,1.0,,,,,,0.0,0.0,0.0,1.0,0.0,34.0,70.97,112.61,El Paso County
El Segundo,0.02857142857142857,1990.8979591836735,3.660344827586207,77.1875,122.97916666666667,100.61764705882354,0.0,0.75,0.9714285714285714,0.014285714285714285,0.08571428571428572,19.0,76.55000000000011,113.77999999999993,El Segundo
Elk Grove Village,0.0,1958.75,2.96,115.0,169.5,94.0,0.0,,,0.0,0.2,11.0,80.18,113.52000000000001,Elk Grove Village
Elmhurst,0.75,2001.0,3.45,85.75,114.25,,0.0,,1.0,0.0,0.0,11.0,80.18,113.52,Elmhurst
Emeryville,0.0,2008.5,3.66,101.0,131.0,,0.0,0.0,0.75,0.0,0.0,7.0,86.51,113.60000000000001,Emeryville
Encinitas,0.5,2013.0,3.9,96.0,165.0,,0.0,,1.0,0.0,0.0,23.0,74.22,130.19,Encinitas
Encino,0.0,2014.0,3.9666666666666663,79.0,146.0,,0.0,,,0.0,0.0,19.0,76.55,113.78000000000002,Encino
Enfield,0.0,2004.0,3.1,17.0,23.0,,1.0,,1.0,0.0,0.0,,,,Enfield
Englewood,0.08333333333333333,1980.857142857143,3.638461538461539,63.625,106.625,,0.0,0.0,0.4666666666666667,0.041666666666666664,0.20833333333333334,29.0,73.29999999999997,130.32999999999996,Englewood
Essex Fells,0.0,1912.0,3.3,27.0,52.0,,0.0,,,0.0,0.0,,,,Essex Fells
Estero,0.0,,3.3000000000000003,,,,0.0,0.3333333333333333,0.5,0.0,0.0,,,,Estero
Evanston,0.0,1992.0,3.9,44.0,78.0,59.0,0.0,1.0,,0.0,0.0,11.0,80.18,113.52,Evanston
Ewing,0.0,1958.0,2.55,99.0,146.0,,0.0,,,0.0,0.0,1.0,100.0,100.0,Ewing
Exton,0.0,1965.75,3.6166666666666667,63.25,103.0,89.875,0.0,,1.0,0.0,0.0,13.0,78.84000000000002,100.23,Exton
Fairfax,0.0,1978.25,3.4200000000000004,90.2,139.4,,0.0,,1.0,0.0,0.0,6.0,87.74,130.25,Fairfax
Fairfield,0.5,,,32.0,59.0,,0.0,,,0.0,0.0,1.0,100.0,100.0,Fairfield
Fairfield Inn & Suites Fort Walton Beach-Eglin AFB,0.5,,,,,,0.0,0.0,0.0,1.0,0.0,,,,Fairfield Inn & Suites Fort Walton Beach-Eglin AFB
Falls Church,0.0,2005.0,4.5,75.0,122.0,,0.0,,,0.0,0.0,6.0,87.74,130.25,Falls Church
Far Rockaway,0.0,,,77.0,132.0,,0.0,,,0.0,0.0,1.0,100.0,100.0,Far Rockaway
Fargo,0.0,1998.0,3.8,105.0,117.0,,0.0,,,0.0,0.0,,,,Fargo
Farmers Branch,0.0,1963.0,3.625,42.25,98.75,,0.0,,1.0,0.25,0.0,40.0,68.03,155.3,Farmers Branch
Farmington,0.0,1998.0,3.55,109.0,153.0,,0.0,,1.0,0.0,0.0,51.0,64.76,129.35,Farmington
Farmington Hills,1.0,1912.0,3.2,65.0,109.0,,0.0,,,0.0,0.0,54.0,63.85,78.58,Farmington Hills
Fayetteville,1.0,1905.0,3.2,86.0,143.0,,0.0,,,0.0,1.0,,,,Fayetteville
Feasterville Trevose,0.6666666666666666,2000.0,4.033333333333333,49.666666666666664,95.33333333333333,,0.0,,,0.0,0.0,13.0,78.84,100.23,Feasterville Trevose
Fishers,0.0,2014.0,3.4,72.0,121.0,,0.0,,1.0,0.0,0.0,47.0,66.34,110.02,Fishers
Florence,0.0,1966.0,3.7,72.0,121.0,,0.0,,,0.0,0.0,,,,Florence
Florham Park,0.0,1893.5,3.114285714285714,87.66666666666667,116.0,72.0,0.0,,1.0,0.0,0.0,1.0,100.0,100.0,Florham Park
Flower Mound,0.0,,4.1,,,67.5,0.0,,1.0,0.0,0.0,40.0,68.03,155.3,Flower Mound
Flushing,0.0,,,,,,0.0,0.0,0.0,0.0,0.0,1.0,100.0,100.0,Flushing
Folsom,0.0,1999.0,4.05,110.0,145.0,,0.0,,1.0,0.0,0.0,17.0,77.0,115.40000000000002,Folsom
Foothill Ranch,0.0,,,,,,0.0,,,0.0,0.0,19.0,76.55,113.78,Foothill Ranch
Fort Belvoir,0.25,1978.75,4.0,64.0,95.0,,0.0,,1.0,0.0,0.0,6.0,87.74,130.25,Fort Belvoir
Fort Bragg,0.0,1914.0,3.8,62.0,101.0,,0.0,,1.0,0.0,0.0,,,,Fort Bragg
Fort Carson,0.0,,,,,,0.0,0.0,0.0,0.0,0.0,34.0,70.97,112.61,Fort Carson
Fort Collins,0.09090909090909091,,3.875,,,,0.0,0.0,0.0,0.0,0.0,,,,Fort Collins
Fort Eustis,0.0,2002.0,3.1,49.0,112.0,,0.0,,,0.0,0.0,,,,Fort Eustis
Fort George G Meade,0.0,2011.0,5.0,59.0,101.0,,0.0,,1.0,0.0,0.0,22.0,74.29,125.24,Fort George G Meade
Fort Huachuca,0.0,2005.0,4.3,112.0,149.0,,0.0,,,0.0,1.0,,,,Fort Huachuca
Fort Lauderdale,0.13636363636363635,2000.5,3.7099999999999995,80.5,134.5,,0.0,0.09090909090909091,0.4,0.05555555555555555,0.0,24.0,74.16000000000003,100.26,Fort Lauderdale
Fort Lee,0.4,1996.6,3.46,87.6,134.4,,0.0,1.0,1.0,0.0,0.0,1.0,100.0,100.0,Fort Lee
Fort Mill,0.0,1971.6666666666667,3.125,64.5,99.75,,0.0,1.0,1.0,0.0,0.0,,,,Fort Mill
Fort Myers,0.0,1984.0,3.2,51.0,92.0,,0.0,,1.0,0.0,0.0,,,,Fort Myers
Fort Sam Houston,0.05263157894736842,1936.4285714285713,3.7,48.0,78.0,60.357142857142854,0.10526315789473684,1.0,1.0,0.42105263157894735,0.0,48.0,65.77999999999999,116.40000000000005,Fort Sam Houston
Fort Walton Beach,0.0,,3.7,,,,0.0,,1.0,0.0,0.0,,,,Fort Walton Beach
Fort Washington,0.05,1982.6315789473683,3.7800000000000002,78.11111111111111,136.11111111111111,86.18181818181819,0.0,1.0,1.0,0.0,0.0,13.0,78.83999999999999,100.23,Fort Washington
Fort Worth,0.0859375,1961.3211009174313,3.775833333333337,60.6015625,102.171875,,0.0,1.0,1.0,0.015625,0.0546875,40.0,68.02999999999996,155.29999999999964,Fort Worth
Foster City,0.05555555555555555,2003.5555555555557,3.623529411764706,69.25,113.0,,0.0,0.0,0.5,0.0,0.0,2.0,91.51,135.90000000000003,Foster City
Franklin Lakes,0.0,1946.0,3.8,68.0,119.33333333333333,99.5,0.0,1.0,1.0,0.0,0.0,1.0,100.0,100.0,Franklin Lakes
Frederick,0.0,,3.0,64.0,117.0,,0.0,,1.0,0.0,0.0,22.0,74.29,125.24,Frederick
Fremont,0.0425531914893617,1987.3809523809523,3.8666666666666676,102.0952380952381,154.47619047619048,115.73333333333333,0.0,,1.0,0.02127659574468085,0.10638297872340426,7.0,86.51000000000012,113.60000000000004,Fremont
Fullerton,1.0,,,,,114.0,0.0,,,0.0,0.0,19.0,76.55,113.78,Fullerton
Fulton,0.0,,,71.0,108.0,,0.0,,,0.0,0.0,6.0,87.74,130.25,Fulton
Gahanna,0.0,,3.6,77.0,137.0,,0.0,1.0,,0.0,0.0,37.0,70.5,142.17,Gahanna
Gainesville,0.0,1980.7142857142858,4.29,30.0,54.0,,0.0,0.0,0.0,0.0,0.07142857142857142,,,,Gainesville
Gaithersburg,0.0,1922.25,3.8625,69.875,109.625,,0.0,1.0,1.0,0.0,0.0,6.0,87.74,130.25,Gaithersburg
Gallatin,0.0,1967.0,3.2,75.0,122.0,,0.0,,,0.0,0.0,30.0,73.19,122.67,Gallatin
Garden City,0.0,,2.0,,,,0.0,,,,,1.0,100.0,100.0,Garden City
Gardena,0.16666666666666666,1968.25,3.6333333333333333,84.0,117.5,77.66666666666667,0.0,,1.0,0.0,0.0,19.0,76.55,113.77999999999999,Gardena
Gardnerville,0.0,1993.0,3.9,108.0,140.0,,0.0,,,0.0,0.0,,,,Gardnerville
Garland,1.0,,4.0,,,75.0,0.0,,,0.0,1.0,40.0,68.03,155.3,Garland
Germantown,0.0,,3.6,72.0,121.0,,0.0,,,0.0,0.0,6.0,87.74,130.25,Germantown
Gilbert,0.0,1928.5,4.05,98.33333333333333,168.33333333333334,,0.0,,1.0,0.3333333333333333,0.0,43.0,67.41,127.26,Gilbert
Glendale,0.02,1997.0714285714287,3.571794871794872,72.3,115.16666666666667,78.11538461538461,0.0,,1.0,0.0,0.041666666666666664,26.68,73.62520000000004,118.09360000000007,Glendale
Glendale Luke AFB,0.0,,3.4,,,56.5,0.0,,,1.0,0.0,43.0,67.41,127.26,Glendale Luke AFB
Glens Falls,0.0,1979.0,3.9,15.0,16.0,,0.0,,,0.0,0.0,,,,Glens Falls
Glenview,0.0,1964.0,3.1,97.0,129.0,58.5,0.0,,,0.0,0.0,11.0,80.18,113.52,Glenview
Gloucester City,0.0,1946.0,3.5,93.0,151.0,,0.0,,,0.0,0.0,13.0,78.84,100.23,Gloucester City
Gold River,0.0,2004.0,3.8,74.0,123.0,,0.0,,,0.0,0.0,17.0,77.0,115.4,Gold River
Golden,0.11538461538461539,,3.75,,,,0.0,0.0,0.0,0.0,0.07692307692307693,29.0,73.29999999999997,130.32999999999996,Golden
Golden Valley,0.0,1989.0,4.9,63.0,97.0,,0.0,,,0.0,0.0,18.0,76.7,127.18,Golden Valley
Goleta,1.0,,,,,,0.0,0.0,0.0,0.0,0.0,19.0,76.55,113.78,Goleta
Gotha,0.0,,,,,,0.0,0.0,0.0,0.0,0.0,49.0,65.7,102.08,Gotha
Grand Island,0.0,,3.5,,,,0.0,,,0.0,0.0,25.0,73.92,107.05,Grand Island
Grand Junction,0.5,,,,,,0.0,0.0,0.0,0.0,0.5,,,,Grand Junction
Grand Prairie,0.0,1965.5,3.9,47.333333333333336,114.66666666666667,70.33333333333333,0.0,,,0.0,0.0,40.0,68.02999999999999,155.29999999999998,Grand Prairie
Granite City,0.0,,3.2,72.0,121.0,,0.0,,1.0,0.0,0.0,36.0,70.78,126.33,Granite City
Grapevine,0.1111111111111111,1983.6666666666667,3.6666666666666674,46.714285714285715,105.42857142857143,73.25,0.0,,1.0,0.0,0.1111111111111111,40.0,68.02999999999999,155.29999999999998,Grapevine
Great Neck,0.0,1992.0,3.1500000000000004,79.66666666666667,120.33333333333333,,0.0,,1.0,0.0,0.0,1.0,100.0,100.0,Great Neck
Greeley,0.0,,,,,,0.0,0.0,0.0,0.0,0.0,,,,Greeley
Green Bay,0.0,1935.0,3.2,77.0,131.0,,0.0,,,0.0,0.0,,,,Green Bay
Greenfield,0.0,1954.0,3.9,95.0,165.0,,0.0,,,0.0,0.0,47.0,66.34,110.02,Greenfield
Greensboro,1.0,1891.0,4.4,48.0,80.0,,0.0,,,0.0,0.0,,,,Greensboro
Greenville,0.0,2019.0,3.4,81.0,138.0,,0.0,,,0.0,0.0,40.0,68.03,155.3,Greenville
Greenwich,0.0,,3.1,83.0,99.0,,0.0,1.0,,0.0,0.0,,,,Greenwich
Greenwood Village,0.1111111111111111,1991.4285714285713,3.738461538461538,55.0,89.5,,0.0,0.3333333333333333,0.75,0.0,0.0,29.0,73.29999999999998,130.32999999999998,Greenwood Village
Gresham,0.0,1999.0,3.7,92.0,146.0,,0.0,,,0.0,0.0,15.0,78.63,112.82,Gresham
Groveland,0.0,,,,,,0.0,0.0,0.0,0.0,0.0,49.0,65.7,102.08,Groveland
Gulf Breeze,0.0,,,,,,0.0,0.0,0.0,1.0,0.0,,,,Gulf Breeze
Gwynn Oak,0.0,2000.0,4.1,105.0,138.0,,0.0,,1.0,0.0,1.0,22.0,74.29,125.24,Gwynn Oak
Hackensack,0.0,1871.0,3.05,80.0,150.0,79.0,0.0,,1.0,0.0,0.0,1.0,100.0,100.0,Hackensack
Haines City,0.0,,,,,,0.0,0.0,0.0,0.0,0.0,45.0,67.1,126.19,Haines City
Hampton,0.07692307692307693,1984.4615384615386,3.861538461538461,43.92307692307692,75.61538461538461,,0.0,1.0,1.0,0.0,0.15384615384615385,,,,Hampton
Hanford,0.0,1968.0,3.3,47.0,81.0,,0.0,,,0.0,1.0,,,,Hanford
Harrisburg,0.0,1997.0,4.7,81.0,137.0,,0.0,1.0,1.0,1.0,0.0,,,,Harrisburg
Harrison,0.0,2001.0,3.8,48.0,96.0,100.0,0.0,,,0.0,0.0,1.0,100.0,100.0,Harrison
Hartford,0.25,1913.0,3.7,71.25,110.0,,0.0,,,0.0,0.0,,,,Hartford
Hauppauge,0.0,,,90.0,109.0,,0.0,,,0.0,0.0,1.0,100.0,100.0,Hauppauge
Haworth,0.0,2005.5,3.8499999999999996,63.5,83.0,,0.0,,,0.0,1.0,1.0,100.0,100.0,Haworth
Hawthorne,0.0,2005.3333333333333,3.35,71.5,134.0,123.0,0.0,,1.0,0.0,0.0,19.0,76.55,113.77999999999999,Hawthorne
Henderson,0.0,1909.0,3.5,57.0,67.0,,0.0,,,0.0,0.0,29.0,73.3,130.33,Henderson
Henrico,0.0,2009.0,3.1,73.0,128.0,,0.0,,1.0,0.0,0.0,44.0,67.2,112.57,Henrico
Hercules,0.0,1952.0,3.3,65.0,120.0,,0.0,,1.0,0.0,0.0,7.0,86.51,113.6,Hercules
Hermosa Beach,0.0,2013.0,,55.0,103.0,,0.0,,,0.0,0.0,19.0,76.55,113.78,Hermosa Beach
Herndon,0.0625,1997.8333333333333,4.09375,74.9375,112.6875,,0.125,1.0,1.0,0.0,0.0,6.0,87.74,130.25,Herndon
High Point,0.0,2011.0,3.7,88.0,133.0,,0.0,,,0.0,1.0,,,,High Point
Highland Park,0.0,2003.0,4.0,,,59.5,0.0,,1.0,0.5,0.0,25.5,74.105,134.41,Highland Park
Highlands Ranch,0.0,,,,,,0.0,0.0,0.0,0.0,0.0,29.0,73.3,130.33,Highlands Ranch
Hill AFB,0.0,1956.0,3.875,59.0,82.5,,0.0,,,0.0,0.0,51.0,64.76,129.35,Hill AFB
Hilliard,0.0,,2.5,28.0,52.0,,0.0,,,0.0,0.0,37.0,70.5,142.17,Hilliard
Hines,0.0,1930.0,3.4,60.0,105.0,,0.0,1.0,1.0,1.0,1.0,11.0,80.18,113.52,Hines
Hoboken,0.75,1946.8333333333333,4.083333333333333,99.75,133.25,77.5,0.0,1.0,1.0,0.0,0.25,1.0,100.0,100.0,Hoboken
Hollywood,0.0,1944.0,3.925,60.0,124.0,85.0,0.0,0.0,1.0,0.0,0.25,20.0,76.072,111.076,Hollywood
Holmdel,0.0,2013.0,4.5,95.5,132.0,,0.0,1.0,1.0,0.0,0.0,1.0,100.0,100.0,Holmdel
Holtsville,0.0,,3.8,,,,0.0,,,0.0,0.0,1.0,100.0,100.0,Holtsville
Holyoke,0.0,1941.0,4.0,94.5,148.0,,0.0,,1.0,0.0,0.0,,,,Holyoke
Home,0.0,,,,,,0.0,0.0,1.0,0.0,0.0,35.0,70.88,113.92,Home
Homestead,0.0,,,,,,0.0,0.0,0.0,0.0,0.0,24.0,74.16,100.26,Homestead
Homestead AFB,0.0,,4.0,,,,0.0,,,0.0,0.0,24.0,74.16,100.26,Homestead AFB
Honolulu,0.0,1999.5,4.35,79.5,120.5,,0.0,,,0.0,0.0,4.0,89.7,88.29,Honolulu
Hoopeston,0.0,,2.5,41.0,73.0,,0.0,,,0.0,0.0,,,,Hoopeston
Hoover,0.0,1971.0,3.2,83.0,99.0,,0.0,,,0.0,0.0,,,,Hoover
Hopkins,0.0,2003.0,3.0,71.0,108.0,,0.0,,,0.0,0.0,18.0,76.7,127.18,Hopkins
Horsham,0.0,2006.5,4.183333333333333,44.5,74.9,81.25,0.0,,1.0,0.0,0.16666666666666666,13.0,78.84000000000002,100.23,Horsham
Houston,0.10334788937409024,1976.640081799591,3.7136585365853696,65.00254452926208,107.1704834605598,62.74829931972789,0.0,1.0,1.0,0.033478893740902474,0.08442503639010189,50.0,65.12999999999954,141.30999999999864,Houston
Huntersville,0.0,1935.0,3.9000000000000004,53.5,87.0,,0.0,,,0.0,0.5,31.0,72.4,144.29,Huntersville
Huntington Beach,0.0,,,,,,0.0,,,0.0,0.0,19.0,76.55,113.78,Huntington Beach
Huntsville,0.14285714285714285,1977.1666666666667,3.8285714285714283,72.28571428571429,121.57142857142857,,0.0,,,0.0,0.0,,,,Huntsville
Hurlburt Field,0.0,,,,,,0.0,0.0,0.0,0.0,0.0,,,,Hurlburt Field
Indian Trail,0.0,1973.0,,54.0,75.0,,0.0,,,0.0,0.0,31.0,72.4,144.29,Indian Trail
Indianapolis,0.045454545454545456,1999.5,3.9090909090909096,42.18181818181818,72.5,,0.0,1.0,1.0,0.045454545454545456,0.09090909090909091,47.0,66.33999999999999,110.02,Indianapolis
Inglewood,0.0,1964.0,3.75,55.0,103.0,85.0,0.0,,1.0,0.0,0.0,19.0,76.55,113.78,Inglewood
Intercession City,0.0,,,,,,0.0,0.0,0.0,0.0,0.0,49.0,65.7,102.08,Intercession City
Ipswich,0.0,1974.0,4.9,77.0,92.0,,0.0,,,0.0,0.0,9.0,82.88,112.39,Ipswich
Irondale,0.0,,,,,,0.0,0.0,1.0,0.0,0.0,29.0,73.3,130.33,Irondale
Irvine,0.041666666666666664,1999.2222222222222,3.5149999999999992,71.3,113.4,,0.0,1.0,1.0,0.0,0.05,19.0,76.54999999999997,113.78000000000004,Irvine
Irving,0.045454545454545456,1970.1940298507463,3.637362637362634,58.825806451612905,105.66451612903226,72.55813953488372,0.0,1.0,1.0,0.005050505050505051,0.045454545454545456,40.0,68.0300000000002,155.2999999999995,Irving
Irwindale,0.0,1913.0,3.314285714285714,70.85714285714286,116.42857142857143,103.0,0.0,1.0,1.0,0.0,0.25,19.0,76.55,113.77999999999999,Irwindale
Iselin,0.0,1942.6666666666667,3.65,48.0,96.0,82.83333333333333,0.0,,1.0,0.0,0.25,1.0,100.0,100.0,Iselin
Issaquah,0.0,1976.0,4.0,41.666666666666664,78.33333333333333,,0.0,,1.0,0.0,0.0,8.0,85.77,133.43,Issaquah
Itasca,0.5,1982.0,1.75,67.0,92.0,61.0,0.0,,1.0,0.0,0.5,11.0,80.18,113.52,Itasca
Ithaca,0.0,2015.0,2.7999999999999994,80.0,130.66666666666666,,0.0,0.0,0.5,0.0,0.0,,,,Ithaca
Jacksonville,0.18269230769230768,1967.7543859649122,3.800588235294117,42.61271676300578,85.66473988439306,,0.0,0.42105263157894735,0.835820895522388,0.03940886699507389,0.07389162561576355,21.0,74.56999999999981,120.90000000000033,Jacksonville
Jacksonville Beach,1.0,1995.0,4.0,36.0,63.0,,0.0,1.0,1.0,0.5,0.0,21.0,74.57,120.9,Jacksonville Beach
Jamaica,1.0,2007.0,4.7,139.0,229.0,,0.0,,1.0,0.0,0.0,1.0,100.0,100.0,Jamaica
Jeffersonville,0.0,1997.0,2.9,34.0,61.0,,0.0,,1.0,0.0,0.0,46.0,66.72,116.78,Jeffersonville
Jericho,0.0,1953.0,3.4,69.0,128.5,,0.0,,,0.0,0.0,1.0,100.0,100.0,Jericho
Jersey City,0.1206896551724138,1961.560975609756,3.739622641509434,60.325581395348834,97.6046511627907,90.23333333333333,0.0,1.0,1.0,0.0,0.15517241379310345,1.0,100.0,100.0,Jersey City
Juno Beach,0.0,,4.75,96.5,135.5,,0.0,0.0,0.0,0.0,0.0,24.0,74.16,100.26,Juno Beach
Jupiter,0.0,,4.0,,,,0.0,,,,,24.0,74.16,100.26,Jupiter
Kansas City,0.0,1940.0,3.825,84.75,146.0,,0.0,,,0.0,0.0,39.0,69.17,134.63,Kansas City
Keene,0.0,2003.0,4.1,49.0,88.0,,0.0,,1.0,0.0,0.0,,,,Keene
Kent,0.0,1998.0,3.5999999999999996,48.333333333333336,67.5,,0.0,,,0.0,0.0,35.0,70.88,113.92,Kent
Key Biscayne,0.0,,,,,,0.0,0.0,0.0,0.0,0.0,24.0,74.16,100.26,Key Biscayne
Key West,1.0,,,,,,0.0,0.0,0.0,1.0,0.0,,,,Key West
King of Prussia,0.10256410256410256,1961.2333333333333,3.676470588235294,68.45,121.85,70.86842105263158,0.0,1.0,1.0,0.0,0.05128205128205128,13.0,78.84000000000003,100.23,King of Prussia
Kingdom,0.0,,3.5,,,,0.0,,,0.0,0.0,,,,Kingdom
Kings County,0.5,,,,,,0.0,0.0,0.0,0.0,0.0,5.0,88.82,92.95,Kings County
Kingstowne,0.0,2001.0,3.8,51.0,92.0,,0.0,,1.0,0.0,1.0,6.0,87.74,130.25,Kingstowne
Kirkland,0.0,1996.3333333333333,3.66,61.0,110.0,,0.0,0.0,1.0,0.0,0.0,8.0,85.77,133.43000000000004,Kirkland
La Cañada Flintridge,0.0,,4.2,,,,0.0,,,0.0,0.0,19.0,76.55,113.78,La Cañada Flintridge
La Jolla,0.08,1886.9,4.069565217391304,90.28571428571429,168.23809523809524,46.0,0.0,1.0,1.0,0.0,0.043478260869565216,23.0,74.22000000000001,130.19000000000003,La Jolla
La Mirada,0.0,1908.0,4.1,,,114.0,0.0,,1.0,0.0,0.0,19.0,76.55,113.78,La Mirada
La Palma,0.0,1953.0,3.0,,,108.5,0.0,,,0.0,0.0,19.0,76.55,113.78,La Palma
Lacey,0.0,,3.4,,,,0.0,0.0,0.0,0.0,0.3333333333333333,33.0,71.88,129.19,Lacey
Lackland AFB,0.0,1987.3846153846155,3.8799999999999994,43.2,73.5,52.9,0.13333333333333333,,1.0,0.4,0.06666666666666667,48.0,65.77999999999999,116.40000000000003,Lackland AFB
Lake Buena Vista,0.0,,4.5,,,,0.0,0.0,0.5,0.0,0.0,49.0,65.70000000000002,102.08000000000001,Lake Buena Vista
Lake Hiawatha,0.0,2009.0,3.9,,,100.0,0.0,,,0.0,0.0,,,,Lake Hiawatha
Lake Mary,0.0,1993.0,3.12,59.0,101.0,,0.0,0.0,0.0,0.0,0.25,49.0,65.7,102.08,Lake Mary
Lake Oswego,0.0,2012.0,3.4,49.0,88.0,,0.0,,,0.0,0.0,,,,Lake Oswego
Lake Success,0.0,1989.2,3.4875,53.55555555555556,90.88888888888889,,0.0,,1.0,0.0,0.0,1.0,100.0,100.0,Lake Success
Lakeland,0.0,,4.1,,,,0.0,0.0,0.0,0.0,0.0,45.0,67.1,126.19000000000001,Lakeland
Lakewood,0.0,1987.6666666666667,3.7857142857142856,53.8,83.2,,0.0,0.3333333333333333,0.0,0.1,0.1,29.0,73.29999999999998,130.32999999999998,Lakewood
Langley AFB,0.0,1977.0,4.1,60.0,124.0,,0.0,,,0.0,0.0,,,,Langley AFB
Lansdale,0.0,1995.0,3.9000000000000004,,,62.75,0.0,,,0.0,0.0,13.0,78.84,100.23,Lansdale
Latham,0.0,,3.7,,,,0.0,0.0,0.0,0.0,0.0,20.0,75.44,105.08,Latham
Laurel,0.0,1942.0,4.574999999999999,39.75,64.5,,0.25,,1.0,0.0,0.25,6.0,87.74,130.25,Laurel
Lawrence,1.0,,4.0,34.0,61.0,,0.0,,,0.0,0.0,47.0,66.34,110.02,Lawrence
Lehi,0.058823529411764705,2010.4,3.747368421052631,35.333333333333336,56.5,,0.0,0.02,0.16,0.0,0.4264705882352941,51.0,64.7600000000001,129.35000000000014,Lehi
Lemont,0.0,1946.0,4.3,79.0,130.0,,0.0,,,0.0,0.0,11.0,80.18,113.52,Lemont
Lewis McChord,0.0,,4.3,,,,0.0,,,0.0,0.0,35.0,70.88,113.92,Lewis McChord
Lewisville,0.07692307692307693,1864.2727272727273,3.641666666666666,50.18181818181818,108.0909090909091,73.25,0.0,1.0,1.0,0.0,0.07692307692307693,40.0,68.02999999999999,155.29999999999998,Lewisville
Lexington,0.0,1998.2,4.34,79.0,114.6,,0.2,,,0.0,0.0,9.0,82.88,112.39000000000001,Lexington
Lincoln,0.0,1978.0,2.7,60.0,124.0,,0.0,,,0.0,0.0,,,,Lincoln
Lindon,0.0,,,,,,0.0,0.0,0.0,0.0,0.0,51.0,64.76,129.35,Lindon
Linthicum Heights,0.0,1988.0,4.1,86.0,143.0,,0.0,,,0.0,0.0,22.0,74.29,125.24,Linthicum Heights
Lisle,0.3333333333333333,1999.3333333333333,4.633333333333334,82.0,141.0,87.5,0.0,,,0.0,0.0,11.0,80.18,113.52,Lisle
Little Falls,0.0,1990.0,3.6,,,60.5,0.0,,1.0,0.0,0.0,1.0,100.0,100.0,Little Falls
Little Ferry,0.0,,3.5,41.0,78.0,,0.0,,1.0,0.0,0.0,1.0,100.0,100.0,Little Ferry
Littleton,0.0,1995.0,4.05,57.0,100.0,,0.0,0.0,0.0,0.0,0.14285714285714285,29.0,73.3,130.33,Littleton
Livermore,0.0,1964.888888888889,4.1923076923076925,135.0,193.4,107.0,0.0,,1.0,0.0,0.0,7.0,86.51,113.59999999999998,Livermore
Liverpool,0.0,,3.65,,,,0.0,,,0.0,0.0,,,,Liverpool
Livingston,0.0,1978.0,3.5,,,70.0,0.0,,,0.0,0.0,,,,Livingston
Lockbourne,0.0,1969.0,3.9,98.0,160.0,,0.0,,1.0,0.0,0.0,37.0,70.5,142.17,Lockbourne
Logan,0.0,1959.0,4.5,64.0,117.0,,0.0,0.0,0.5,0.0,0.0,,,,Logan
Lombard,0.0,1983.0,2.7,72.0,121.0,86.0,0.0,1.0,1.0,0.0,0.0,11.0,80.18,113.52,Lombard
Lone Tree,0.25,1973.0,3.8666666666666667,49.0,91.0,,0.0,0.5,0.0,0.0,0.0,29.0,73.3,130.33,Lone Tree
Long Beach,0.0,1981.9444444444443,3.4181818181818175,76.4375,102.5,96.33333333333333,0.0,1.0,1.0,0.0,0.0,19.0,76.54999999999997,113.78000000000006,Long Beach
Long Island City,0.0,,3.5999999999999996,64.0,109.5,,0.0,0.0,0.6666666666666666,0.0,0.0,1.0,100.0,100.0,Long Island City
Longmont,0.0,1999.0,3.75,86.0,108.0,,0.0,0.2,0.5,0.0,0.0,,,,Longmont
Los Altos,0.0,2016.0,3.6999999999999997,121.0,192.0,,0.0,,1.0,0.0,0.0,14.0,78.64,143.48,Los Altos
Los Angeles,0.08737864077669903,1986.0121951219512,3.8117924528301894,85.46855345911949,136.86163522012578,95.44029850746269,0.001941747572815534,0.6486486486486487,0.9361702127659575,0.033663366336633666,0.06534653465346535,19.0,76.55000000000007,113.77999999999925,Los Angeles
Los Angelos,0.0,,3.3,,,,0.0,,,0.0,0.0,19.0,76.55,113.78,Los Angelos
Los Gatos,0.1111111111111111,1959.0,3.8428571428571425,110.8,173.8,,0.0,0.0,0.8,0.0,0.0,14.0,78.64,143.48,Los Gatos
Louisville,0.25,1981.3333333333333,3.2399999999999998,62.25,99.75,,0.0,,1.0,0.0,0.0,46.0,66.72,116.78,Louisville
Loveland,0.0,,3.5,,,,0.0,0.3333333333333333,0.18181818181818182,0.0,0.0,,,,Loveland
Luke AFB,0.0,1947.0,4.2,47.0,73.0,,0.0,,,1.0,0.0,43.0,67.41,127.26,Luke AFB
Lyndhurst,0.0,2019.0,3.4,59.0,101.0,,0.0,,,0.0,0.0,1.0,100.0,100.0,Lyndhurst
MacDill AFB,0.0,,3.9,,,,0.0,,,0.0,0.0,45.0,67.1,126.19,MacDill AFB
Macdill AFB,0.0,1996.0,3.5,81.0,138.0,,0.0,,,0.0,0.0,45.0,67.1,126.19,Macdill AFB
Madison,0.2857142857142857,1973.8333333333333,3.716666666666667,99.8,124.4,86.0,0.0,,,0.0,0.0,52.0,64.67,124.30999999999999,Madison
Magna,0.0,,3.3,,,,0.0,,,0.0,0.0,51.0,64.76,129.35,Magna
Malvern,0.034482758620689655,1972.9583333333333,3.5785714285714287,65.21739130434783,116.47826086956522,72.0,0.0,1.0,1.0,0.0,0.13793103448275862,13.0,78.83999999999999,100.23,Malvern
Manhasset,0.0,1997.0,4.0,71.5,87.5,,0.0,,,0.0,0.0,1.0,100.0,100.0,Manhasset
Manhattan,0.0,,4.128571428571428,,,,0.0,,,0.0,0.0,1.0,100.0,100.0,Manhattan
Manhattan Beach,0.0,,,,,108.5,0.0,,,0.0,0.0,19.0,76.55,113.78,Manhattan Beach
Marin City,0.0,2007.0,4.5,93.0,159.0,,0.0,,,0.0,0.0,2.0,91.51,135.9,Marin City
Marina del Rey,0.0,1956.6,3.983333333333334,73.4,107.0,85.0,0.0,,1.0,0.0,0.5,19.0,76.55,113.77999999999999,Marina del Rey
Marlton,0.0,1990.0,4.25,57.0,103.0,79.75,0.0,,1.0,0.0,0.75,13.0,78.84,100.23,Marlton
Matawan,0.0,2012.0,4.5,,,72.0,0.0,,,0.0,0.0,1.0,100.0,100.0,Matawan
Mayport,0.0,,3.4,44.0,141.0,,0.0,,1.0,1.0,1.0,21.0,74.57,120.9,Mayport
Maywood,0.0,1958.6666666666667,3.8333333333333335,74.66666666666667,101.33333333333333,,0.0,,1.0,0.0,0.0,7.666666666666667,86.78666666666668,109.01333333333332,Maywood
McLean,0.047619047619047616,1981.0,3.6900000000000004,70.95238095238095,119.47619047619048,,0.0,,1.0,0.0,0.0,6.0,87.74,130.25,McLean
Media,0.0,2001.5,3.716666666666667,81.4,155.6,73.25,0.0,1.0,1.0,0.0,0.42857142857142855,13.0,78.84000000000002,100.23,Media
Melbourne,0.13333333333333333,1982.0,3.6699999999999995,80.5,134.0,,0.0,0.16666666666666666,0.2857142857142857,0.08333333333333333,0.0,49.0,65.70000000000002,102.07999999999998,Melbourne
Melrose Park,1.0,1955.0,3.0999999999999996,68.5,92.5,,0.0,1.0,1.0,0.0,0.0,11.0,80.18,113.52,Melrose Park
Melville,0.0,,3.3,,,,0.0,0.0,0.0,0.0,0.0,1.0,100.0,100.0,Melville
Memphis,0.1111111111111111,1956.6666666666667,4.211111111111111,78.88888888888889,119.33333333333333,,0.1111111111111111,,1.0,0.0,0.1111111111111111,,,,Memphis
Menlo Park,0.008771929824561403,1999.1521739130435,4.148275862068961,104.42105263157895,160.33333333333334,125.125,0.0,0.25,0.5,0.0,0.009174311926605505,2.0,91.51000000000018,135.89999999999975,Menlo Park
Merrifield,0.0,1933.0,3.8,80.0,114.0,,0.0,,,0.0,0.0,6.0,87.74,130.25,Merrifield
Mesa,0.125,1994.2857142857142,3.875,62.8,99.6,53.5,0.0,,1.0,0.0,0.0,43.0,67.40999999999998,127.26,Mesa
Miami,0.05357142857142857,2004.3333333333333,3.8421052631578956,47.0,65.33333333333333,,0.0,0.03125,0.15625,0.0,0.020833333333333332,24.0,74.15999999999995,100.26000000000013,Miami
Miami Lakes,0.0,,3.8,,,,0.0,,,0.0,0.0,24.0,74.16,100.26,Miami Lakes
Miami Shores,0.0,,4.3,,,,0.0,,,0.0,0.0,24.0,74.16,100.26,Miami Shores
Middlesex,0.0,2009.0,3.6,48.0,91.0,,0.0,,,0.0,0.0,1.0,100.0,100.0,Middlesex
Middletown,0.0,,,119.0,147.0,,0.0,,,0.0,0.0,1.0,100.0,100.0,Middletown
Midtown New York,0.0,,2.5,,,,0.0,,,,,1.0,100.0,100.0,Midtown New York
Midvale,0.0,,3.6,,,,0.0,0.0,0.5454545454545454,0.0,0.0,51.0,64.76,129.34999999999997,Midvale
Millbrae,1.0,2009.0,3.2,65.0,120.0,,0.0,,,0.0,0.0,2.0,91.51,135.9,Millbrae
Milpitas,0.05555555555555555,1998.1666666666667,3.7533333333333343,84.2,130.7,107.6,0.0,0.0,1.0,0.0,0.05555555555555555,14.0,78.64000000000003,143.48,Milpitas
Milwaukee,0.0,1938.75,3.78,94.0,125.8,,0.0,,1.0,0.0,0.0,,,,Milwaukee
Minneapolis,0.0,1998.2,3.8833333333333333,99.16666666666667,148.66666666666666,,0.0,,1.0,0.0,0.0,18.0,76.7,127.18000000000002,Minneapolis
Minnetonka,1.0,1995.0,3.8,76.0,127.0,,0.0,,1.0,0.0,0.0,18.0,76.7,127.18,Minnetonka
Miramar,0.0,,,,,,0.0,,,0.0,0.0,24.0,74.16,100.26,Miramar
Missouri City,0.0,2007.0,4.2,73.0,136.0,,0.0,,,0.0,0.0,50.0,65.13,141.31,Missouri City
Moffett Field,0.0,,3.65,,,,0.0,,,0.0,0.0,14.0,78.64,143.48,Moffett Field
Monaco,0.0,,,76.0,125.0,,0.0,,,0.0,1.0,19.0,76.55,113.78,Monaco
Monmouth Junction,1.0,,,51.0,92.0,,0.0,,,0.0,0.0,,,,Monmouth Junction
Monrovia,0.0,2005.0,2.6,35.5,73.5,,0.0,,,0.0,0.0,19.0,76.55,113.78,Monrovia
Monterey,0.0,1992.0,3.7,110.0,145.0,,0.0,,,0.0,0.0,14.0,78.64,143.48,Monterey
Monterey Park,0.16666666666666666,1966.0,3.55,39.5,70.5,102.66666666666667,0.0,,,0.0,0.0,19.0,76.55,113.77999999999999,Monterey Park
Montvale,0.0,1962.0,3.9,48.0,96.0,,0.0,,,0.0,0.0,1.0,100.0,100.0,Montvale
Moonachie,0.0,1986.0,2.7,,,120.0,0.0,,,0.0,0.0,1.0,100.0,100.0,Moonachie
Moorestown,0.0,1984.0,4.1000000000000005,57.5,108.0,82.375,0.0,1.0,1.0,0.0,0.125,,,,Moorestown
Mooresville,0.125,1965.7142857142858,3.6142857142857148,47.5,87.125,,0.0,,1.0,0.0,0.0,31.0,72.39999999999999,144.29,Mooresville
Morgan Hill,0.0,1895.0,3.8499999999999996,,,122.83333333333333,0.0,,,0.0,0.0,14.0,78.64,143.48,Morgan Hill
Morristown,0.0,2017.0,3.8,111.0,178.0,,0.0,,1.0,0.0,0.0,1.0,100.0,100.0,Morristown
Morrisville,0.0,2003.6666666666667,3.466666666666667,60.25,90.75,,0.0,,1.0,0.0,0.0,38.0,69.8,145.3,Morrisville
Mount Laurel,0.2,1965.4,3.771428571428572,60.285714285714285,100.28571428571429,78.8125,0.0,,1.0,0.0,0.13333333333333333,13.0,78.84,100.23,Mount Laurel
Mount Pleasant,0.0,,,,,,0.0,0.0,0.0,0.0,0.0,1.0,100.0,100.0,Mount Pleasant
Mount Plymouth,0.0,,,,,,0.0,0.0,0.0,0.0,0.0,49.0,65.7,102.08,Mount Plymouth
Mount Vernon,0.0,2006.0,4.15,42.0,74.0,,0.0,,,0.0,0.0,1.0,100.0,100.0,Mount Vernon
Mountain View,0.028169014084507043,2004.3164556962026,3.945689655172412,105.79310344827586,157.93103448275863,87.42307692307692,0.007042253521126761,0.15789473684210525,0.7872340425531915,0.0,0.09352517985611511,14.0,78.63999999999996,143.47999999999968,Mountain View
Mountlake Terrace,0.0,,3.6,,,,0.0,,,0.0,0.0,8.0,85.77,133.43,Mountlake Terrace
Murray,0.0,,3.55,,,,0.0,0.0,1.0,0.0,0.0,51.0,64.76,129.35,Murray
Napa,0.0,2008.0,5.0,49.0,88.0,,0.0,,,0.0,0.0,,,,Napa
Naperville,0.0,1938.5,3.1,53.0,80.0,,0.0,,1.0,0.0,0.0,11.0,80.18,113.52,Naperville
Naples,0.0,,3.0,109.0,153.0,,0.0,,1.0,0.0,0.0,,,,Naples
Nashville,0.0,1973.25,3.2249999999999996,78.75,126.25,,0.0,,1.0,0.0,0.0,30.0,73.19,122.67,Nashville
Natick,0.0,1985.0,4.7,112.0,149.0,,0.0,,1.0,0.0,0.0,9.0,82.88,112.39,Natick
National City,0.0,,,76.0,122.0,,0.0,,1.0,0.0,0.0,23.0,74.22,130.19,National City
Naval Station Mayport,1.0,,,,,,0.0,0.0,0.0,1.0,0.0,21.0,74.57,120.9,Naval Station Mayport
New Bedford,0.0,,3.2,76.5,109.5,,0.0,,1.0,0.0,0.0,,,,New Bedford
New Hyde Park,0.0,1997.0,3.966666666666667,125.0,156.0,,0.0,,,0.0,0.0,1.0,100.0,100.0,New Hyde Park
New London,0.0,,3.9,81.0,138.0,,0.0,,,0.0,0.0,,,,New London
New Orleans,0.0,1999.0,3.5,41.0,73.0,,0.0,,,0.0,0.0,16.0,78.46,89.79,New Orleans
New York,0.04639175257731959,1977.6662337662337,3.813988919667588,80.00618811881188,119.14108910891089,86.2626050420168,0.0,0.2697095435684647,0.708256880733945,0.00864397622906537,0.02971366828741221,1.0,100.0,100.0,New York
Newark,0.05263157894736842,1956.4583333333333,3.803030303030304,83.0,124.31818181818181,85.5,0.0,1.0,1.0,0.02631578947368421,0.05263157894736842,2.5789473684210527,96.45000000000002,103.57894736842103,Newark
Newport Beach,0.0,1972.0,4.6,81.0,138.0,,0.0,,1.0,0.0,1.0,19.0,76.55,113.78,Newport Beach
Newport News,0.0,,3.0,43.0,69.0,,0.0,,1.0,0.0,0.5,,,,Newport News
Newton,0.0,2000.0,3.2,82.5,117.0,,0.0,,1.0,0.0,0.0,9.0,82.88,112.39,Newton
Newtown,0.16666666666666666,2004.25,4.32,62.666666666666664,111.83333333333333,,0.0,,1.0,0.0,0.0,13.0,78.84000000000002,100.23,Newtown
Newtown Square,0.0,,2.3,64.0,113.0,,0.0,,,0.0,0.0,13.0,78.84,100.23,Newtown Square
Niceville,0.0,,4.033333333333334,,,,0.0,,,0.0,0.0,,,,Niceville
Niskayuna,0.0,,3.0666666666666664,,,,0.0,,,0.0,0.0,20.0,75.44,105.08,Niskayuna
Niwot,0.0,,,,,,0.0,0.0,1.0,0.0,0.0,29.0,73.3,130.33,Niwot
Norco,0.0,,3.2000000000000006,,,,0.0,,,0.0,0.0,19.0,76.55,113.78000000000002,Norco
Norfolk,0.05,1996.1333333333334,3.2199999999999998,48.35,94.05,,0.0,1.0,1.0,0.05,0.2,,,,Norfolk
Norman,0.0,2000.0,3.6,70.0,119.0,,0.0,,,0.0,0.0,,,,Norman
Norristown,0.0,,,64.0,113.0,64.5,0.0,,,0.0,0.0,13.0,78.84,100.23,Norristown
North Chicago,0.5,1977.5,3.7,54.0,107.5,,0.0,1.0,,0.0,0.5,11.0,80.18,113.52,North Chicago
North Hollywood,0.3333333333333333,1920.0,3.9,49.0,98.0,101.0,0.0,,1.0,0.0,0.3333333333333333,19.0,76.55,113.78000000000002,North Hollywood
North Kansas City,0.0,1979.0,3.9,78.0,133.0,,0.0,,,0.0,0.0,39.0,69.17,134.63,North Kansas City
North Palm Beach,0.0,,5.0,88.0,133.0,,0.0,0.0,0.0,0.0,0.0,24.0,74.16,100.26,North Palm Beach
North Reading,0.0,2009.0,3.9,59.0,101.0,,0.0,,,0.0,0.0,9.0,82.88,112.39,North Reading
North Salt Lake,0.0,,,,,,0.0,0.0,0.0,0.0,0.0,51.0,64.76,129.35,North Salt Lake
Northbrook,0.08333333333333333,1973.090909090909,3.4000000000000004,65.45454545454545,104.27272727272727,79.5,0.0,1.0,1.0,0.0,0.0,11.0,80.18000000000002,113.52,Northbrook
Northfield,0.0,1966.0,3.4,97.0,129.0,,0.0,,,0.0,0.0,11.0,80.18,113.52,Northfield
Northlake,0.0,1959.0,3.7,67.0,92.0,,0.0,,1.0,0.0,0.0,,,,Northlake
Northridge,0.0,1981.25,3.7,84.6,124.0,,0.0,,,0.0,0.0,19.0,76.55,113.77999999999999,Northridge
Norwalk,0.0,2009.0,3.7,111.0,178.0,,0.0,,,0.0,0.0,1.0,100.0,100.0,Norwalk
Norwood,0.0,2011.0,3.7,56.25,80.5,,0.25,,1.0,0.0,0.0,9.0,82.88,112.39,Norwood
Novato,0.0,1995.6666666666667,3.7,63.0,82.66666666666667,,0.25,,1.0,0.0,0.0,2.0,91.51,135.9,Novato
Novi,0.0,1982.0,4.0,106.0,143.0,,0.0,,,0.0,0.0,54.0,63.85,78.58,Novi
Oak Brook,0.0,1989.25,3.690909090909092,51.5,91.5,70.85714285714286,0.0,,1.0,0.0,0.18181818181818182,11.0,80.18000000000002,113.52,Oak Brook
Oak Ridge,0.0,1850.0,3.4,88.0,133.0,,0.0,1.0,,0.0,0.0,,,,Oak Ridge
Oakbrook Terrace,0.0,2000.0,4.3,,,98.5,0.0,,,0.0,0.0,11.0,80.18,113.52,Oakbrook Terrace
Oakland,0.037037037037037035,1994.5,3.7499999999999996,75.26666666666667,120.86666666666666,,0.0,0.0,0.5714285714285714,0.0,0.08,7.0,86.51000000000003,113.59999999999994,Oakland
Oaks,0.0,1967.0,3.8,,,98.0,0.0,,,0.0,0.0,13.0,78.84,100.23,Oaks
Odon,0.0,1973.0,3.3,81.0,138.0,,0.0,,,0.0,0.0,,,,Odon
Ogden,0.0,1939.0,3.65,78.0,133.0,,0.0,0.0,0.0,0.0,0.0,51.0,64.76,129.35,Ogden
Old Westbury,0.0,,4.0,,,,0.0,,,0.0,0.0,1.0,100.0,100.0,Old Westbury
Oldsmar,0.0,,3.7999999999999994,,,,0.0,0.0,0.0,0.0,0.0,45.0,67.10000000000001,126.19000000000003,Oldsmar
Olympia,0.0,,,,,,0.0,,,0.0,0.0,33.0,71.88,129.19,Olympia
Omaha,0.2,1878.0,3.8666666666666667,92.8,128.2,,0.0,,,0.0,0.0,,,,Omaha
Orange,0.0,2013.0,3.9,111.0,178.0,,0.0,,1.0,0.0,0.0,19.0,76.55,113.78000000000002,Orange
Orange Park,0.0,1901.0,3.7,41.5,109.0,,0.0,,,0.0,0.0,21.0,74.57,120.9,Orange Park
Orchard Park,0.0,1973.0,3.9666666666666663,57.0,94.0,,0.0,,,0.0,0.16666666666666666,25.0,73.92,107.05,Orchard Park
Orem,0.0,,,,,,0.0,0.0,0.5,0.0,0.0,51.0,64.76,129.35,Orem
Orlando,0.1111111111111111,1996.0,3.989285714285714,15.0,16.0,,0.0,0.0,0.10344827586206896,0.02,0.02,49.0,65.69999999999993,102.07999999999994,Orlando
Orondo,0.0,,,,,,0.0,,,0.0,0.0,,,,Orondo
Oshkosh,0.0,1917.0,4.3,88.0,133.0,,0.0,,,0.0,0.0,,,,Oshkosh
Oswego,0.0,,3.8,,,,0.0,,,0.0,0.0,,,,Oswego
Overland Park,0.0,2000.5,3.5,101.0,124.0,,0.0,,1.0,0.0,0.0,39.0,69.17,134.63,Overland Park
Oxnard,0.0,1914.0,3.7,49.0,88.0,,0.0,,,0.0,0.0,19.0,76.55,113.78,Oxnard
Painted Post,0.0,,3.9,,,,0.0,,,0.0,0.0,,,,Painted Post
Palm Beach Gardens,0.0,,3.3,,,,0.0,0.0,0.0,0.0,0.0,24.0,74.16,100.26,Palm Beach Gardens
Palm Beach Shores,0.0,,,,,,0.0,0.0,0.0,0.0,0.0,24.0,74.16,100.26,Palm Beach Shores
Palm Coast,0.0,,,,,,0.0,,,0.0,0.0,,,,Palm Coast
Palmdale,0.0,,4.1,,,,0.0,,,0.0,0.0,19.0,76.55,113.78,Palmdale
Palo Alto,0.061224489795918366,2004.5,3.9687499999999987,97.71929824561404,150.33333333333334,111.59375,0.0,0.0,0.9166666666666666,0.010638297872340425,0.09574468085106383,14.0,78.64000000000013,143.4799999999997,Palo Alto
Panama City,0.5,,3.3,,,,0.0,0.0,0.5,0.5,0.0,,,,Panama City
Panorama City,1.0,,1.0,42.0,66.0,,0.0,,1.0,0.0,0.0,19.0,76.55,113.78,Panorama City
Paoli,0.0,2012.0,4.0,37.0,44.0,,0.0,,,0.0,0.0,13.0,78.84,100.23,Paoli
Paramus,0.0,,,,,70.0,0.0,,,0.0,0.0,1.0,100.0,100.0,Paramus
Park Ridge,0.0,,2.8,,,65.5,0.0,1.0,,0.0,0.0,11.0,80.18,113.52,Park Ridge
Parsippany,0.0,1995.0,3.85,77.0,121.33333333333333,,0.0,,1.0,0.0,0.3333333333333333,1.0,100.0,100.0,Parsippany
Pasadena,0.07317073170731707,1980.357142857143,3.6628571428571433,82.0,133.33333333333334,108.875,0.0,,1.0,0.07317073170731707,0.024390243902439025,22.024390243902438,75.43585365853663,116.46585365853662,Pasadena
Patrick AFB,0.0,,,,,,0.0,0.0,0.0,1.0,0.0,,,,Patrick AFB
Patuxent,0.0,1986.0,3.6,95.0,165.0,,0.0,,,0.0,0.0,,,,Patuxent
Pearland,0.0,1949.0,3.6000000000000005,72.57142857142857,113.85714285714286,74.5,0.0,1.0,1.0,0.0,0.0,50.0,65.13,141.30999999999997,Pearland
Pembroke Pines,0.0,2013.0,3.1,111.0,178.0,,0.0,,,0.0,0.0,24.0,74.16,100.26,Pembroke Pines
Pennington,0.0,1998.0,3.2,111.0,178.0,,0.0,1.0,1.0,0.0,0.0,,,,Pennington
Pennsauken,0.0,1971.0,3.4,70.0,154.0,,0.0,,1.0,0.0,0.0,13.0,78.84,100.23,Pennsauken
Pensacola,0.2,,3.8,,,,0.0,0.0,0.0,0.4,0.0,,,,Pensacola
Petaluma,0.0,,3.3,,,,0.0,,1.0,0.0,0.0,2.0,91.51,135.9,Petaluma
Philadelphia,0.11587982832618025,1964.416149068323,3.702117647058824,66.14469453376206,115.80707395498392,83.61612903225806,0.0,1.0,1.0,0.02145922746781116,0.07296137339055794,13.0,78.83999999999973,100.23000000000069,Philadelphia
Phoenix,0.07021791767554479,1980.5078864353313,3.8889487870619908,72.46413502109705,120.042194092827,65.70170454545455,0.0,1.0,1.0,0.01694915254237288,0.07263922518159806,43.0,67.40999999999987,127.26000000000033,Phoenix
Pico Rivera,0.0,2013.0,2.9,113.0,132.0,,0.0,,,0.0,1.0,19.0,76.55,113.78,Pico Rivera
Pittsburgh,0.0,1930.4615384615386,3.80625,89.5,124.375,,0.0,,1.0,0.0,0.0,28.0,73.60999999999999,123.07999999999997,Pittsburgh
Placentia,1.0,1958.0,4.0,,,131.0,0.0,1.0,,0.0,0.0,19.0,76.55,113.78,Placentia
Plano,0.06338028169014084,1975.20202020202,3.689393939393937,66.22429906542057,111.57943925233644,71.85714285714286,0.007042253521126761,1.0,1.0,0.0,0.06338028169014084,40.0,68.03000000000003,155.2999999999996,Plano
Plant City,0.0,,,,,,0.0,0.0,0.0,1.0,1.0,45.0,67.1,126.19,Plant City
Plantation,0.0,,,,,,0.0,0.0,0.0,0.0,0.0,24.0,74.16,100.26,Plantation
Pleasant Grove,0.0,,,,,,0.0,0.0,0.0,0.0,0.0,51.0,64.76,129.35,Pleasant Grove
Pleasanton,0.06451612903225806,1980.642857142857,3.795833333333333,80.0,131.58333333333334,109.41666666666667,0.0,0.0,0.7142857142857143,0.0,0.0967741935483871,2.0,91.51000000000006,135.90000000000003,Pleasanton
Plymouth Meeting,0.0,1994.5,3.7285714285714286,59.2,102.8,85.0,0.0,1.0,1.0,0.0,0.0,13.0,78.84000000000002,100.23,Plymouth Meeting
Pomona,0.0,1879.0,3.85,70.66666666666667,103.0,,0.0,1.0,1.0,0.0,0.0,19.0,76.55,113.78,Pomona
Ponte Vedra,1.0,1948.0,3.5,37.0,75.0,,0.0,,1.0,0.0,1.0,21.0,74.57,120.9,Ponte Vedra
Port Jefferson Station,0.0,,1.0,,,,0.0,,,0.0,0.0,1.0,100.0,100.0,Port Jefferson Station
Port Washington,0.0,1966.0,3.3666666666666667,150.0,169.0,,0.0,,,0.0,0.0,1.0,100.0,100.0,Port Washington
Portland,0.14285714285714285,1966.8333333333333,4.114285714285715,70.42857142857143,114.14285714285714,,0.0,,1.0,0.0,0.0,15.0,78.63,112.81999999999996,Portland
Portsmouth,0.42857142857142855,2000.0,4.9,45.57142857142857,87.42857142857143,,0.0,1.0,1.0,0.0,0.0,,,,Portsmouth
Poway,0.0,,2.3,80.0,114.0,,0.0,,,0.0,0.0,23.0,74.22,130.19,Poway
Princeton,0.0,,4.0,77.0,131.0,,0.0,,,0.0,0.0,,,,Princeton
Providence,0.0,1939.0,3.5666666666666664,72.0,128.66666666666666,,0.0,,1.0,0.0,0.0,,,,Providence
Provo,0.0,1984.0,4.0249999999999995,90.0,109.0,,0.0,0.0,0.18181818181818182,0.0,0.0,51.0,64.76,129.34999999999997,Provo
Purchase,0.0,,3.8,,,,0.0,0.0,0.5,0.0,0.0,1.0,100.0,100.0,Purchase
Quantico,0.0,,,60.0,124.0,,0.0,,,0.0,0.0,6.0,87.74,130.25,Quantico
Queens,0.0,,3.9499999999999997,,,,0.0,,,0.0,0.0,1.0,100.0,100.0,Queens
Queens Village,0.0,2002.0,3.9,107.5,169.5,,0.0,,,0.0,0.0,1.0,100.0,100.0,Queens Village
Quincy,0.0,1988.0,3.4,95.0,165.0,,0.0,,,0.0,0.0,9.0,82.88,112.39,Quincy
Radnor,0.0,1959.0,3.7999999999999994,67.33333333333333,129.33333333333334,73.75,0.0,1.0,1.0,0.0,0.0,13.0,78.84000000000002,100.23,Radnor
Raleigh,0.0,1976.6363636363637,3.8000000000000003,75.63636363636364,116.81818181818181,,0.09090909090909091,,1.0,0.0,0.09090909090909091,38.0,69.79999999999998,145.29999999999998,Raleigh
Rancho Cordova,0.0,,3.3,,,,0.0,0.0,0.5,0.0,0.0,17.0,77.0,115.4,Rancho Cordova
Rancho Cucamonga,0.0,1996.0,3.4000000000000004,94.75,155.5,,0.0,,1.0,0.0,0.0,19.0,76.55,113.77999999999999,Rancho Cucamonga
Red Bank,0.0,1902.0,4.3,70.0,119.0,,0.0,,1.0,0.0,0.0,1.0,100.0,100.0,Red Bank
Redlands,0.0,1969.0,3.733333333333333,81.0,138.0,,0.0,0.0,0.18181818181818182,0.0,0.07692307692307693,19.0,76.54999999999998,113.77999999999999,Redlands
Redmond,0.008695652173913044,1988.6153846153845,3.960344827586206,49.4375,85.25,,0.008695652173913044,0.02,0.2830188679245283,0.0,0.044642857142857144,8.0,85.77000000000025,133.4300000000002,Redmond
Redondo Beach,0.0,1939.0,3.8,,,103.0,0.0,,,0.0,1.0,19.0,76.55,113.78,Redondo Beach
Redwood City,0.012195121951219513,2002.7111111111112,3.9637681159420306,111.45652173913044,169.93478260869566,98.42857142857143,0.0,0.75,0.9444444444444444,0.0,0.07692307692307693,2.0,91.51000000000015,135.89999999999978,Redwood City
Reedley,0.0,1948.0,3.5,47.0,81.0,,0.0,,,0.0,0.0,,,,Reedley
Rego Park,0.0,1984.0,3.3,,,63.5,0.0,,,0.0,0.0,1.0,100.0,100.0,Rego Park
Rensselaer,0.0,,3.8,,,,0.0,,,0.0,0.0,20.0,75.44,105.08,Rensselaer
Renton,0.0,2001.0,4.0,45.0,84.0,,0.0,,,0.0,0.14285714285714285,8.0,85.77,133.43000000000004,Renton
Reston,0.08333333333333333,2010.375,3.8545454545454545,88.08333333333333,125.58333333333333,,0.0,,1.0,0.0,0.16666666666666666,6.0,87.74,130.25,Reston
Richardson,0.08571428571428572,1975.9166666666667,3.603125,47.85,98.9,67.9,0.0,1.0,1.0,0.0,0.08571428571428572,40.0,68.03,155.3000000000001,Richardson
Richardson Springs,0.0,,4.6,70.0,119.0,,0.0,,,0.0,0.0,,,,Richardson Springs
Richland,0.0,1965.0,3.966666666666667,81.25,129.5,,0.0,0.5,0.3333333333333333,0.0,0.0,,,,Richland
Richmond,0.07142857142857142,1894.076923076923,3.892307692307692,83.14285714285714,128.14285714285714,,0.0,,1.0,0.0,0.0,44.0,67.20000000000002,112.56999999999995,Richmond
Ridgefield Park,0.0,1996.0,3.6,,,100.0,0.0,1.0,,0.0,0.0,1.0,100.0,100.0,Ridgefield Park
Ridley Park,0.0,1916.0,3.7,37.0,44.0,,0.0,,,0.0,0.0,13.0,78.84,100.23,Ridley Park
Riverdale,0.0,,,,,,0.0,0.0,0.0,0.0,0.0,51.0,64.76,129.35,Riverdale
Riverside,0.0,1856.0,3.3,,,61.0,0.0,,,0.0,0.0,16.0,77.695,107.005,Riverside
Riverton,0.2,,4.15,26.0,47.0,,0.0,0.0,0.07142857142857142,0.0,0.8666666666666667,51.0,64.76,129.34999999999997,Riverton
Roanoke,0.5,1917.0,3.6,40.0,73.0,,0.0,,1.0,0.0,0.5,40.0,68.03,155.3,Roanoke
Rochester,0.03571428571428571,,3.8874999999999997,104.5,135.0,,0.0,0.0,0.0,0.7407407407407407,0.7037037037037037,,,,Rochester
Rockledge,0.0,,3.6,,,,0.0,,,0.0,0.0,49.0,65.7,102.08,Rockledge
Rocklin,0.0,1952.0,3.5,72.0,121.0,,0.0,,,0.0,0.0,17.0,77.0,115.4,Rocklin
Rockville,0.0,2005.25,3.8499999999999996,64.0,112.0,,0.0,1.0,1.0,0.0,0.0,6.0,87.74,130.25,Rockville
Rockville Centre,0.0,1997.0,3.1,156.0,254.0,,0.0,,,0.0,0.0,1.0,100.0,100.0,Rockville Centre
Rolling Meadows,0.25,1937.0,3.05,65.0,92.33333333333333,85.0,0.0,,,0.0,0.25,11.0,80.18,113.52,Rolling Meadows
Rome,0.0,,3.9,,,,0.0,,,0.0,0.0,,,,Rome
Ronkonkoma,0.0,,,,,,0.0,,,0.0,0.0,1.0,100.0,100.0,Ronkonkoma
Roosevelt Island,0.0,,,,,,0.0,,,,,1.0,100.0,100.0,Roosevelt Island
Rosemead,0.0,1950.3333333333333,4.033333333333333,88.0,133.0,104.125,0.0,,1.0,0.0,0.3333333333333333,19.0,76.55,113.77999999999999,Rosemead
Rosemont,0.0,1989.5555555555557,3.5,62.666666666666664,98.66666666666667,72.83333333333333,0.0,,1.0,0.0,0.0,11.0,80.18,113.52,Rosemont
Roseville,0.0,,3.8,,,,0.0,,,0.0,0.0,17.0,77.0,115.4,Roseville
Rosslyn,0.0,,4.5,77.0,131.0,,0.0,,1.0,0.0,0.0,6.0,87.74,130.25,Rosslyn
Rossmoor,0.0,1996.0,4.0,,,131.0,0.0,,1.0,0.0,0.0,19.0,76.55,113.78,Rossmoor
Round Rock,0.2857142857142857,1986.0,4.2,56.111111111111114,99.88888888888889,64.4,0.0,,1.0,0.07142857142857142,0.14285714285714285,41.0,67.78999999999999,145.76,Round Rock
Roy,0.0,,,,,,0.0,0.0,0.0,0.0,0.0,51.0,64.76,129.35,Roy
Rutherford,1.0,,1.0,,,79.0,0.0,,,0.0,1.0,,,,Rutherford
Sacramento,0.0,1957.0,3.45,111.0,178.0,,0.0,,,0.0,0.0,17.0,77.0,115.40000000000002,Sacramento
Saddle Brook,0.0,1929.0,2.9,73.0,94.0,,0.0,,,0.0,0.0,1.0,100.0,100.0,Saddle Brook
Saint Louis,0.0,1971.2142857142858,4.1466666666666665,78.46666666666667,124.2,,0.0,,1.0,0.0,0.0,36.0,70.77999999999999,126.32999999999997,Saint Louis
Saint Petersburg,0.16666666666666666,,3.55,,,,0.0,0.0,0.5,0.0,0.0,45.0,67.10000000000001,126.19000000000001,Saint Petersburg
Saint Petersburg Beach,0.0,2007.0,3.1,73.0,128.0,,0.0,,1.0,0.0,0.0,45.0,67.1,126.19,Saint Petersburg Beach
Salt Lake,0.0,,3.8,,,,0.0,,,0.0,0.0,51.0,64.76,129.35,Salt Lake
Salt Lake City,0.07065217391304347,1983.4444444444443,3.9708333333333323,38.17857142857143,62.035714285714285,,0.0,0.0,0.30434782608695654,0.02717391304347826,0.02717391304347826,51.0,64.76000000000018,129.3499999999997,Salt Lake City
San Antonio,0.10305958132045089,1973.9008438818566,3.736851520572447,59.737752161383284,98.62824207492795,63.363138686131386,0.00966183574879227,1.0,1.0,0.017713365539452495,0.07890499194847021,48.0,65.77999999999942,116.40000000000039,San Antonio
San Bruno,0.0,2003.25,3.755555555555555,90.875,125.125,,0.0,0.0,0.0,0.07692307692307693,0.07692307692307693,2.0,91.51,135.90000000000003,San Bruno
San Carlos,0.0,2010.0,3.6428571428571432,106.5,145.33333333333334,,0.0,,,0.0,0.0,2.0,91.51,135.90000000000003,San Carlos
San Clemente,0.0,2010.0,3.5,78.5,113.0,,0.0,,1.0,0.0,0.0,19.0,76.55,113.78000000000002,San Clemente
San Diego,0.107981220657277,1980.7671009771987,3.8125329815303384,88.58248472505092,143.08553971486762,78.91935483870968,0.0011737089201877935,0.9,0.9744525547445255,0.015402843601895734,0.08293838862559241,23.0,74.2200000000008,130.19000000000148,San Diego
San Fernando,0.0,,,42.0,63.0,,0.0,,1.0,0.0,0.0,19.0,76.55,113.78,San Fernando
San Francisco,0.06570841889117043,2000.1151515151514,3.9133757961783453,74.88888888888889,122.10144927536231,,0.004106776180698152,0.012048192771084338,0.503448275862069,0.010822510822510822,0.0367965367965368,2.0,91.51000000000002,135.90000000000097,San Francisco
San Francisco Bay Area,0.0,,4.2,,,,0.0,,,0.0,0.0,2.0,91.51,135.9,San Francisco Bay Area
San Jose,0.0738255033557047,1991.3076923076924,3.9404000000000003,106.28395061728395,164.26543209876544,107.08152173913044,0.0,0.4,0.9178082191780822,0.010273972602739725,0.0684931506849315,14.0,78.63999999999967,143.48000000000047,San Jose
San Leandro,0.0,,,,,,0.0,,,0.0,0.0,7.0,86.51,113.6,San Leandro
San Mateo,0.07547169811320754,2001.3125,3.712121212121212,75.20833333333333,123.79166666666667,,0.0,0.125,0.5882352941176471,0.018867924528301886,0.05660377358490566,2.0,91.51000000000012,135.89999999999986,San Mateo
San Rafael,0.5,2003.0,4.1,52.0,89.0,,0.0,,,0.0,0.0,2.0,91.51,135.9,San Rafael
San Ramon,0.0,1992.3333333333333,4.175,57.75,102.0,,0.0,,1.0,0.0,0.0,7.0,86.51,113.6,San Ramon
Sandpoint,0.0,2010.5,3.75,44.0,72.0,,0.0,,1.0,0.0,0.0,,,,Sandpoint
Sandy,0.5,1996.0,4.3,75.5,101.5,,0.0,,,0.0,0.5,51.0,64.76,129.35,Sandy
Santa Ana,0.0,2014.0,4.3,63.5,90.5,,0.0,,,0.0,0.0,19.0,76.55,113.78,Santa Ana
Santa Barbara,0.2727272727272727,2007.3333333333333,3.65,78.0,122.66666666666667,,0.0,0.0,0.5,0.0,0.0,19.0,76.54999999999998,113.77999999999999,Santa Barbara
Santa Clara,0.028409090909090908,1987.172932330827,3.9718750000000056,108.35238095238095,167.66666666666666,111.92391304347827,0.0,0.42857142857142855,0.84,0.005714285714285714,0.03428571428571429,14.0,78.63999999999986,143.47999999999965,Santa Clara
Santa Clara Valley,0.0,,4.199999999999997,,,,0.0,,,0.0,0.0,14.0,78.63999999999997,143.47999999999982,Santa Clara Valley
Santa Clarita,0.0,,3.4499999999999997,,,,0.0,0.0,1.0,0.0,0.0,19.0,76.55,113.78000000000002,Santa Clarita
Santa Cruz,0.0,,4.0,,,,0.0,0.0,0.0,0.0,0.0,2.0,91.51,135.9,Santa Cruz
Santa Fe Springs,0.0,1981.0,2.6,,,155.0,0.0,,,0.0,0.0,19.0,76.55,113.78,Santa Fe Springs
Santa Monica,0.05172413793103448,1998.6052631578948,3.8083333333333336,91.37142857142857,140.8,97.33333333333333,0.0,0.3333333333333333,0.8333333333333334,0.017543859649122806,0.12280701754385964,19.0,76.55000000000008,113.77999999999996,Santa Monica
Sarasota,0.0,1962.0,3.6,48.0,89.0,,0.0,,,0.0,0.0,12.0,79.26,81.8,Sarasota
Schaumburg,0.0,1912.0,3.0,112.0,149.0,,0.0,,,0.0,0.0,11.0,80.18,113.52,Schaumburg
Schenectady,0.0,,3.3,,,,0.0,,,0.0,0.0,20.0,75.44,105.08,Schenectady
Schertz,0.0,1994.0,3.9,75.0,135.0,,0.0,,,0.0,0.0,48.0,65.78,116.4,Schertz
Schofield Barracks,0.0,,3.3,75.0,122.0,,0.0,,,0.0,0.0,4.0,89.7,88.29,Schofield Barracks
Schriever AFB,0.0,,3.9,,,,0.0,,,0.0,0.0,34.0,70.97,112.61,Schriever AFB
Scotts Valley,0.0,1996.0,3.5,77.0,92.0,87.0,0.0,,,0.0,0.0,14.0,78.64,143.48,Scotts Valley
Scottsdale,0.14606741573033707,1983.865671641791,3.7475,68.48076923076923,114.98076923076923,67.52702702702703,0.0,1.0,1.0,0.0,0.033707865168539325,43.0,67.40999999999991,127.26000000000018,Scottsdale
Seal Beach,0.0,,3.2,37.0,75.0,71.0,0.0,,,0.0,1.0,19.0,76.55,113.78,Seal Beach
Seaside,0.0,,4.0,,,,0.0,,,0.0,0.0,14.0,78.64,143.48,Seaside
Seattle,0.014492753623188406,1987.4166666666667,3.769756097560966,62.163636363636364,103.0,,0.0,0.03597122302158273,0.3584905660377358,0.0017331022530329288,0.010398613518197574,8.0,85.769999999999,133.42999999999876,Seattle
Secaucus,0.0,1969.0,3.675,81.0,143.0,86.0,0.0,,1.0,0.0,0.0,1.0,100.0,100.0,Secaucus
Shalimar,0.0,,3.8,,,,0.0,,,,,,,,Shalimar
Sheboygan,0.0,1925.0,4.9,78.0,133.0,,0.0,,1.0,0.0,0.0,,,,Sheboygan
Sherman Oaks,0.25,1989.5,3.55,118.25,195.25,,0.0,,1.0,0.0,0.25,19.0,76.55,113.78,Sherman Oaks
Signal Hill,0.0,,2.9000000000000004,65.0,81.0,108.5,0.0,,1.0,0.0,0.0,19.0,76.55,113.78000000000002,Signal Hill
Silicon Valley,0.0,,3.7,,,,0.0,,,0.0,0.0,14.0,78.64,143.48,Silicon Valley
Silver Spring,0.0,2004.0,4.4,48.0,80.0,,0.0,1.0,,0.0,0.0,6.0,87.74,130.25,Silver Spring
Simi Valley,0.0,1971.0,4.2,100.0,157.33333333333334,,0.0,,1.0,0.0,0.0,19.0,76.55,113.78000000000002,Simi Valley
Sioux Falls,1.0,,,62.0,101.0,,0.0,,,0.0,0.0,,,,Sioux Falls
Skokie,0.0,,2.9,64.0,117.0,,0.0,,,0.0,0.0,11.0,80.18,113.52,Skokie
Sleepy Hollow,0.0,,3.8,,,,0.0,0.0,1.0,0.0,0.0,1.0,100.0,100.0,Sleepy Hollow
Slough,0.0,,3.6999999999999997,54.57142857142857,109.85714285714286,,0.0,1.0,1.0,0.0,0.14285714285714285,37.0,70.5,142.17,Slough
Smithfield,0.0,1974.5,3.5999999999999996,75.5,104.5,,0.0,,,0.0,0.0,,,,Smithfield
Somerset,0.0,2017.0,3.6,66.5,114.0,,0.0,1.0,1.0,0.0,0.0,,,,Somerset
Somerville,0.0,,4.0,110.0,145.0,,0.0,,,0.0,0.0,9.0,82.88,112.39,Somerville
South Gate,0.0,,,,,71.0,0.0,,,0.0,0.0,19.0,76.55,113.78,South Gate
South Houston,0.0,2010.0,3.5,,,49.0,0.0,,1.0,0.0,0.0,50.0,65.13,141.31,South Houston
South Jordan,0.0,1997.0,4.112500000000001,82.0,141.0,,0.0,0.0,0.0,0.0,0.0625,51.0,64.76,129.34999999999997,South Jordan
South Plainfield,0.0,2001.0,3.6799999999999997,70.75,121.25,72.0,0.0,,,0.0,0.0,1.0,100.0,100.0,South Plainfield
South San Francisco,0.0,2004.0666666666666,4.293333333333334,76.13333333333334,117.4,,0.0,0.2222222222222222,0.75,0.0,0.0,2.0,91.51,135.90000000000006,South San Francisco
Southfield,0.0,1994.0,3.6,81.0,137.0,,0.0,,,0.0,0.0,54.0,63.85,78.58,Southfield
Southlake,0.5,,3.1,46.0,78.0,,0.0,,,0.0,0.0,40.0,68.03,155.3,Southlake
Spanish Fork,0.0,,,,,,0.0,0.0,1.0,0.0,0.0,51.0,64.76,129.35,Spanish Fork
Spartanburg,0.0,1955.0,3.4,77.0,92.0,,0.0,,,0.0,0.0,,,,Spartanburg
Spokane,0.0,,3.8,,,,0.0,,,0.0,0.0,,,,Spokane
Spring,0.0,1986.5,4.0600000000000005,42.0,74.5,60.833333333333336,0.14285714285714285,,,0.0,0.0,50.0,65.13,141.30999999999997,Spring
Spring House,0.0,1887.0,4.0,87.16666666666667,151.83333333333334,61.0,0.0,1.0,1.0,0.0,0.0,13.0,78.84000000000002,100.23,Spring House
Spring Valley,0.0,,2.6,140.0,151.0,,0.0,,1.0,0.0,0.0,23.0,74.22,130.19,Spring Valley
Springfield,0.14285714285714285,1999.75,4.361538461538461,69.57142857142857,117.92857142857143,,0.0,,1.0,0.0,0.0,6.0,87.74,130.25,Springfield
Springhouse Branch Post Office,0.0,1995.0,3.8,50.0,87.0,,0.0,,,0.0,0.0,13.0,78.84,100.23,Springhouse Branch Post Office
Stafford,0.0,2011.0,4.025,35.0,49.75,,0.25,,1.0,0.0,0.0,50.0,65.13,141.31,Stafford
Stamford,0.0,2014.6666666666667,3.3000000000000003,70.33333333333333,122.0,,0.0,,1.0,0.0,0.0,1.0,100.0,100.0,Stamford
Stanford,0.0,1891.0,4.225,89.25,154.5,,0.0,,,0.0,0.0,14.0,78.64,143.48,Stanford
Staten Island,0.0,,2.4,48.0,96.0,,0.0,,1.0,0.0,0.0,1.0,100.0,100.0,Staten Island
Sterling,0.0,2010.0,4.7,68.0,119.0,,0.0,,,0.0,0.0,6.0,87.74,130.25,Sterling
Stickney,0.0,1998.0,2.8,,,87.0,0.0,,1.0,0.0,0.0,11.0,80.18,113.52,Stickney
Suffolk,0.0,1914.0,3.8,43.0,69.0,,0.0,,,0.0,0.0,,,,Suffolk
Sugar Land,0.0,1983.75,3.85,55.6,96.8,,0.2,,1.0,0.0,0.0,50.0,65.13,141.31,Sugar Land
Summit,0.0,1937.6666666666667,3.725,65.33333333333333,99.33333333333333,100.0,0.0,,1.0,0.0,0.0,1.0,100.0,100.0,Summit
Sun Valley,0.0,2002.0,3.1,,,131.0,0.0,,1.0,0.0,0.0,19.0,76.55,113.78,Sun Valley
Sunnyvale,0.06,1996.9380530973451,3.88554913294798,103.11494252873563,156.79310344827587,111.3768115942029,0.0,0.3333333333333333,0.953125,0.01020408163265306,0.061224489795918366,14.205,78.56024999999981,143.47334999999964,Sunnyvale
Sunrise,0.0,,4.1,,,,0.0,,,0.0,0.0,24.0,74.16,100.26,Sunrise
Swedesboro,0.0,1941.5,3.55,,,62.5,0.0,,1.0,0.0,0.0,13.0,78.84,100.23,Swedesboro
Sylmar,0.0,1888.0,3.8499999999999996,,,114.0,0.0,,,0.0,0.0,19.0,76.55,113.78,Sylmar
Syracuse,0.0,1964.0,4.1,111.0,178.0,,0.0,,,0.0,0.0,,,,Syracuse
Tacoma,0.0,1948.0,3.8666666666666667,50.0,63.0,,0.0,,,0.0,0.0,35.0,70.88,113.92,Tacoma
Tallahassee,0.0,,4.3,,,,0.0,0.0,0.0,0.0,0.0,,,,Tallahassee
Tampa,0.07058823529411765,1994.0,3.8372093023255816,75.0,122.0,,0.0,0.029411764705882353,0.2857142857142857,0.015873015873015872,0.06349206349206349,45.0,67.10000000000005,126.19,Tampa
Tampa Palms,0.0,,,,,,0.0,0.0,0.0,0.0,0.0,45.0,67.1,126.19,Tampa Palms
Tarrant,0.0,,3.3,44.0,82.0,,0.0,,1.0,0.0,1.0,40.0,68.03,155.3,Tarrant
Tarrytown,0.0,,3.875,,,,0.0,,,0.0,0.0,1.0,100.0,100.0,Tarrytown
Taylorsville,0.0,,,,,,0.0,0.0,0.0,0.0,0.0,51.0,64.76,129.35,Taylorsville
Teaneck,0.0,1994.0,3.7,,,110.0,0.0,,,0.0,0.0,1.0,100.0,100.0,Teaneck
Tempe,0.08108108108108109,1953.2413793103449,3.4695652173913043,67.46913580246914,109.93827160493827,62.74626865671642,0.0,1.0,1.0,0.006756756756756757,0.41216216216216217,43.0,67.4099999999999,127.25999999999995,Tempe
Temple Terrace,0.0,,3.9,,,,0.0,,,,,45.0,67.1,126.19,Temple Terrace
Thousand Oaks,0.1,2001.3333333333333,4.250000000000001,58.4,100.8,,0.0,,,0.0,0.0,19.0,76.54999999999998,113.78,Thousand Oaks
Timonium,1.0,2013.0,4.9,44.5,71.5,,0.0,,,0.0,0.0,22.0,74.29,125.24,Timonium
Tonawanda,0.0,,3.8,,,,0.0,,,0.0,0.0,25.0,73.92,107.05,Tonawanda
Topeka,0.0,1997.0,3.4,36.0,67.0,,0.0,,,0.0,0.0,39.0,69.17,134.63,Topeka
Torrance,0.17647058823529413,1978.5555555555557,3.7624999999999997,83.83333333333333,141.66666666666666,95.5,0.0,,1.0,0.0,0.0,19.0,76.54999999999998,113.77999999999999,Torrance
Town of Erwin,0.0,,3.9,,,,0.0,,,0.0,0.0,,,,Town of Erwin
Trevose,0.0,2000.0,3.1,,,64.5,0.0,,,0.0,0.0,13.0,78.84,100.23,Trevose
Troy,0.0,,4.0,,,,0.0,,,0.0,0.0,20.0,75.44,105.08,Troy
Tualatin,0.0,,,15.0,16.0,,0.0,,,0.0,0.0,15.0,78.63,112.82,Tualatin
Tucson,0.0,1982.0,4.449999999999999,79.5,135.5,,0.0,,,0.0,0.0,32.0,72.12,105.2,Tucson
Tukwila,0.0,,3.9,,,,0.0,,,0.0,0.0,8.0,85.77,133.43,Tukwila
Tulsa,0.0,1996.0,2.9,57.0,94.0,,0.0,1.0,,0.0,0.0,53.0,64.28,117.97,Tulsa
Twin Falls,0.0,2005.0,4.1,112.0,149.0,,0.0,,1.0,0.0,0.0,,,,Twin Falls
Tyndall Air Force Base,0.0,,,,,,0.0,0.0,0.0,1.0,0.0,,,,Tyndall Air Force Base
Tysons,0.0,2015.0,4.35,98.0,126.5,,0.0,,,0.0,0.0,6.0,87.74,130.25,Tysons
Tysons Corner,0.0,1988.0,3.75,85.0,143.0,,0.0,,,0.0,0.0,6.0,87.74,130.25,Tysons Corner
Union,0.0,2013.0,4.5,,,100.0,0.0,,,0.0,0.0,1.0,100.0,100.0,Union
Union City,0.0,1967.0,3.4,55.666666666666664,93.0,,0.0,,1.0,0.3333333333333333,0.6666666666666666,7.0,86.51,113.59999999999998,Union City
Universal City,0.0,1906.0,3.88,104.75,171.25,,0.0,1.0,,0.0,0.0,19.0,76.55,113.77999999999999,Universal City
University Park,0.0,1997.0,3.6,,,70.5,0.0,0.0,0.25,0.25,0.0,28.0,72.6275,114.02,University Park
Upper Providence,0.0,1830.0,3.9,47.0,92.0,,0.0,,,0.0,0.0,13.0,78.84,100.23,Upper Providence
Upton,0.0,1947.0,4.175000000000001,62.0,101.0,,0.0,0.0,0.5,0.0,0.0,1.0,100.0,100.0,Upton
Utah County,0.0,,,,,,0.0,0.0,1.0,0.0,0.0,51.0,64.76,129.35,Utah County
Vacaville,0.0,,3.7,,,,0.0,,,0.0,0.0,17.0,77.0,115.4,Vacaville
Valhalla,0.0,,3.75,,,,0.0,,,0.0,0.0,1.0,100.0,100.0,Valhalla
Valley Cottage,0.0,,3.2,,,,0.0,,,0.0,0.0,1.0,100.0,100.0,Valley Cottage
Valley Forge,0.0,2007.0,4.4,57.0,108.0,,0.0,,,0.0,0.0,13.0,78.84,100.23,Valley Forge
Valley Stream,0.0,,,84.0,90.0,,0.0,,1.0,0.0,1.0,1.0,100.0,100.0,Valley Stream
Vancouver,0.0,,3.1399999999999997,48.0,91.0,,0.0,0.0,0.0,0.0,0.0,15.0,78.63,112.81999999999996,Vancouver
Venice,0.0,2013.0,3.0666666666666664,56.666666666666664,99.33333333333333,,0.0,1.0,,0.0,0.0,19.0,76.55,113.78,Venice
Vicksburg,0.0,1996.0,3.4,73.5,108.0,,0.0,,,0.0,0.0,,,,Vicksburg
Victor,0.0,,3.8,,,,0.0,,,0.0,0.0,,,,Victor
Vienna,0.0,2006.75,4.225,59.5,88.5,,0.0,,1.0,0.0,0.25,6.0,87.74,130.25,Vienna
Villa Park,1.0,,3.6,,,65.5,0.0,,,0.0,0.0,11.0,80.18,113.52,Villa Park
Virginia Beach,0.0,,3.1,43.0,69.0,,0.0,,,0.0,0.0,,,,Virginia Beach
Visalia,0.0,,3.7,47.0,81.0,,0.0,,,0.0,0.0,,,,Visalia
Vista,0.0,1971.0,3.0,76.0,129.0,,0.0,,,0.0,0.3333333333333333,23.0,74.22,130.19,Vista
Walnut,0.0,1946.0,4.4,95.0,167.0,,0.0,,,0.0,1.0,19.0,76.55,113.78,Walnut
Walnut Creek,0.0,1994.0,3.425,47.5,72.5,,0.0,,1.0,0.0,0.25,7.0,86.51,113.6,Walnut Creek
Waltham,0.0,1950.6666666666667,3.871428571428571,71.71428571428571,111.14285714285714,,0.0,,1.0,0.0,0.0,9.0,82.88,112.39,Waltham
Warminster,0.0,,3.1,68.0,89.0,,0.0,1.0,1.0,0.0,0.0,13.0,78.84,100.23,Warminster
Washington,0.10869565217391304,1982.081081081081,3.815909090909091,74.65217391304348,118.73913043478261,,0.021739130434782608,1.0,1.0,0.0,0.10869565217391304,6.0,87.7399999999999,130.25,Washington
Waterbury,0.0,1935.0,3.5,59.0,101.0,,0.0,,1.0,0.0,0.0,1.0,100.0,100.0,Waterbury
Watertown,0.0,2008.0,4.0,49.0,88.0,,0.0,,1.0,0.0,0.0,9.0,82.88,112.39,Watertown
Wayne,0.26666666666666666,1981.4166666666667,3.753333333333333,60.76923076923077,109.3076923076923,86.5,0.0,1.0,1.0,0.0,0.06666666666666667,13.0,78.84,100.23,Wayne
Webster,0.0,2007.0,3.1,73.0,136.0,,0.0,,1.0,0.0,0.0,50.0,65.13,141.31,Webster
Weehawken,0.0,1924.5,3.9500000000000006,49.666666666666664,91.0,83.33333333333333,0.0,,1.0,0.0,0.0,1.0,100.0,100.0,Weehawken
Wellesley,0.0,1908.0,3.0999999999999996,93.0,136.0,,0.0,,,0.0,0.0,9.0,82.88,112.39,Wellesley
West Chester,0.3,1987.6666666666667,3.0800000000000005,56.2,94.6,102.4,0.0,,,0.0,0.0,13.0,78.84000000000002,100.23,West Chester
West Conshohocken,0.0,2014.0,4.2,38.0,68.0,,0.0,,1.0,0.0,0.0,13.0,78.84,100.23,West Conshohocken
West Covina,0.0,,,,,85.0,0.0,,,0.0,0.0,19.0,76.55,113.78,West Covina
West Hills,0.0,1930.0,3.5,,,101.0,0.0,,1.0,0.0,0.0,19.0,76.55,113.78,West Hills
West Hollywood,0.0,,4.8,,,,0.0,,,0.0,0.0,19.0,76.55,113.78,West Hollywood
West Jefferson,0.0,1929.0,3.1,76.5,136.5,,0.0,,,0.0,0.0,37.0,70.5,142.17,West Jefferson
West Jordan,0.0,,2.0,26.0,47.0,,0.0,0.0,0.0,0.0,0.0,51.0,64.76,129.35,West Jordan
West Lake Hills,0.0,,,35.0,42.0,,0.0,,1.0,0.0,0.0,41.0,67.79,145.76,West Lake Hills
West Menlo Park,0.0,1950.0,3.2,,,172.5,0.0,,,0.0,0.0,2.0,91.51,135.9,West Menlo Park
West New York,1.0,,,68.0,119.0,,0.0,,1.0,0.0,0.0,1.0,100.0,100.0,West New York
West Orange,0.6666666666666666,1982.0,2.6333333333333333,107.0,140.33333333333334,,0.0,,,0.0,0.0,1.0,100.0,100.0,West Orange
West Palm Beach,0.0,2013.0,4.3,116.5,134.0,,0.0,0.0,1.0,0.0,0.0,24.0,74.16,100.26,West Palm Beach
West Point,0.058823529411764705,1950.0,3.5999999999999996,60.6875,103.125,64.5,0.0,,1.0,0.0,0.11764705882352941,13.0,78.84,100.23,West Point
West University Place,0.0,2007.0,4.2,73.0,136.0,,0.0,,,0.0,0.0,50.0,65.13,141.31,West University Place
West Valley City,0.0,,3.2999999999999994,,,,0.0,0.0,0.5,0.0,0.0,51.0,64.76,129.35,West Valley City
Westchester,0.0,,,,,,0.0,0.0,0.0,0.0,0.0,24.0,74.16,100.26,Westchester
Westerville,0.0,1920.6666666666667,4.066666666666666,43.0,83.33333333333333,,0.0,,1.0,0.0,0.0,37.0,70.5,142.17,Westerville
Westlake,0.047619047619047616,1983.0,3.723809523809524,64.04761904761905,100.80952380952381,,0.0,1.0,1.0,0.0,0.19047619047619047,40.0,68.02999999999999,155.30000000000004,Westlake
Westminster,0.0,1977.0,2.825,77.0,117.0,91.0,0.0,0.0,0.5,0.0,0.0,27.333333333333332,73.84166666666667,127.5716666666667,Westminster
Westmont,0.0,1866.3333333333333,3.733333333333333,91.0,143.0,,0.0,,1.0,0.0,0.0,13.666666666666666,78.97000000000001,113.60666666666667,Westmont
Whippany,0.25,1900.6666666666667,4.2,73.0,105.0,83.25,0.0,1.0,1.0,0.0,0.25,1.0,100.0,100.0,Whippany
White Plains,0.0,,3.7,,,,0.0,,,0.0,0.0,1.0,100.0,100.0,White Plains
White Sands Missile Range,0.0,1995.0,3.8,108.0,140.0,,0.0,,,0.0,0.0,,,,White Sands Missile Range
Whitestown,0.0,1890.0,3.5,34.0,61.0,,0.0,,,0.0,0.0,47.0,66.34,110.02,Whitestown
Whittier,0.0,1979.25,3.3749999999999996,103.0,144.75,114.0,0.0,,1.0,0.0,0.0,19.0,76.55,113.78,Whittier
Wichita,0.0,2002.0,3.2,125.0,156.0,,0.0,,,0.0,0.0,,,,Wichita
Wilmington,0.0821917808219178,1938.2264150943397,3.861194029850746,75.24324324324324,130.97297297297297,75.30555555555556,0.0,1.0,1.0,0.0,0.0273972602739726,13.32876712328767,78.71452054794528,100.97246575342449,Wilmington
Windsor,0.0,2012.0,2.8,105.0,117.0,,0.0,,,0.0,0.0,,,,Windsor
Winston-Salem,0.0,1875.0,3.3333333333333335,70.66666666666667,121.66666666666667,,0.0,1.0,1.0,0.0,0.0,,,,Winston-Salem
Winter Haven,0.0,,,,,,0.0,0.0,1.0,0.0,0.0,45.0,67.1,126.19,Winter Haven
Winter Park,0.0,,3.1,,,,0.0,0.0,1.0,0.0,0.0,49.0,65.7,102.08,Winter Park
Winters,0.0,,4.5,68.0,119.0,,0.0,,,0.0,0.0,,,,Winters
Woburn,0.0,2010.0,4.5,62.0,84.5,,0.0,,,0.0,0.0,9.0,82.88,112.39,Woburn
Woodbridge,0.0,1969.5,3.3166666666666664,72.0,93.0,98.66666666666667,0.0,,1.0,0.0,0.0,1.0,100.0,100.0,Woodbridge
Woodcliff Lake,1.0,,2.5,48.0,96.0,,0.0,,1.0,0.0,0.0,1.0,100.0,100.0,Woodcliff Lake
Woodinville,0.0,,3.1,,,,0.0,,,,,,,,Woodinville
Woodland Hills,0.0,1977.0,3.7499999999999996,86.64285714285714,121.5,113.0,0.05555555555555555,0.0,1.0,0.0,0.0,19.0,76.54999999999998,113.78,Woodland Hills
Woodlawn,0.0,1977.0,4.1,86.0,143.0,,0.0,,,0.0,0.0,22.0,74.29,125.24,Woodlawn
Woodridge,0.0,2013.0,4.166666666666667,57.5,79.0,87.0,0.0,,,0.0,0.0,11.0,80.18,113.52,Woodridge
Woonsocket,0.0,2006.0,3.3,59.0,101.0,,0.0,,,0.0,0.0,,,,Woonsocket
Worcester,0.0,1932.0,3.55,79.0,114.0,,0.0,,,0.0,0.0,9.0,82.88,112.39,Worcester
Wright Patterson AFB,0.0,1967.0,3.6666666666666665,45.666666666666664,80.66666666666667,,0.0,,,0.0,0.0,,,,Wright Patterson AFB
Yakima,0.0,1971.0,3.3,150.0,169.0,,0.0,,,0.0,0.0,,,,Yakima
Yardley,1.0,1994.0,3.8,78.0,133.0,,0.0,,,0.0,0.0,13.0,78.84,100.23,Yardley
Yorktown,0.0,1992.0,3.2,43.0,69.0,,0.0,1.0,,0.0,0.0,,,,Yorktown
Zeeland,0.0,1905.0,3.7,78.0,133.0,,0.0,,,0.0,0.0,,,,Zeeland
